Time;EMG1;EMG2;EMG3;EMG4;EMG1_F;EMG2_F;EMG3_F;EMG4_F;Note_R;Note_V;;Level 5;Joueur;Score;Notes hit;% Reussite R;Offset EMG1;Onset EMG1;% Reussite V;Offset EMG2;Onset EMG2
3;0;0;0;0;0;0;1023;183,6;0;0;;;1;0;0;0;1023;0,65;0;183,6;148,1025
10;0;0;0;0;0;0;1023;183,6;0;0;;;2;0;0;0;50;200;0;50;200
16;0;0;0;0;0;0;1023;183,6;0;0;
25;0;0;0;0;0;0;1023;183,6;0;0;
29;0;0;0;0;0;0;1023;183,6;0;0;
36;0;0;0;0;0;0;1023;183,6;0;0;
42;0;0;0;0;0;0;1023;183,6;0;0;
46;0;0;0;0;0;0;1023;183,6;0;0;
51;0;0;0;0;0;0;1023;183,6;0;0;
55;0;0;0;0;0;0;1023;183,6;0;0;
59;0;0;0;0;0;0;1023;183,6;0;0;
63;0;0;0;0;0;0;1023;183,6;0;0;
67;0;0;0;0;0;0;1023;183,6;0;0;
71;0;0;0;0;0;0;1023;183,6;0;0;
76;0;0;0;0;0;0;1023;183,6;0;0;
80;0;0;0;0;0;0;1023;183,6;0;0;
84;0;0;0;0;0;0;1023;183,6;0;0;
88;0;0;0;0;0;0;1023;183,6;0;0;
92;0;0;0;0;0;0;1023;183,6;0;0;
96;0;0;0;0;0;0;1023;183,6;0;0;
100;0;0;0;0;0;0;1023;183,6;0;0;
104;0;0;0;0;0;0;1023;183,6;0;0;
108;0;0;0;0;0;0;1023;183,6;0;0;
112;0;0;0;0;0;0;1023;183,6;0;0;
116;0;0;0;0;0;0;1023;183,6;0;0;
120;0;0;0;0;0;0;1023;183,6;0;0;
124;0;0;0;0;0;0;1023;183,6;0;0;
128;0;0;0;0;0;0;1023;183,6;0;0;
132;0;0;0;0;0;0;1023;183,6;0;0;
136;0;0;0;0;0;0;1023;183,6;0;0;
140;0;0;0;0;0;0;1023;183,6;0;0;
144;0;0;0;0;0;0;1023;183,6;0;0;
148;0;0;0;0;0;0;1023;183,6;0;0;
153;0;0;0;0;0;0;1023;183,6;0;0;
157;0;0;0;0;0;0;1023;183,6;0;0;
161;0;0;0;0;0;0;1023;183,6;0;0;
165;0;0;0;0;0;0;1023;183,6;0;0;
169;0;0;0;0;0;0;1023;183,6;0;0;
174;0;0;0;0;0;0;1023;183,6;0;0;
178;0;0;0;0;0;0;1023;183,6;0;0;
182;0;0;0;0;0;0;1023;183,6;0;0;
186;0;0;0;0;0;0;1023;183,6;0;0;
190;0;0;0;0;0;0;1023;183,6;0;0;
194;0;0;0;0;0;0;1023;183,6;0;0;
198;0;0;0;0;0;0;1023;183,6;0;0;
202;0;0;0;0;0;0;1023;183,6;0;0;
206;0;0;0;0;0;0;1023;183,6;0;0;
210;0;0;0;0;0;0;1023;183,6;0;0;
214;0;0;0;0;0;0;1023;183,6;0;0;
218;0;0;0;0;0;0;1023;183,6;0;0;
222;0;0;0;0;0;0;1023;183,6;0;0;
227;0;0;0;0;0;0;1023;183,6;0;0;
231;0;0;0;0;0;0;1023;183,6;0;0;
236;0;0;0;0;0;0;1023;183,6;0;0;
247;0;0;0;0;0;0;1023;183,6;0;0;
254;0;0;0;0;0;0;1023;183,6;0;0;
262;0;0;0;0;0;0;1023;183,6;0;0;
269;0;0;0;0;0;0;1023;183,6;0;0;
275;0;0;0;0;0;0;1023;183,6;0;0;
282;0;0;0;0;0;0;1023;183,6;0;0;
290;0;0;0;0;0;0;1023;183,6;0;0;
297;0;0;0;0;0;0;1023;183,6;0;0;
304;0;0;0;0;0;0;1023;183,6;0;0;
311;0;0;0;0;0;0;1023;183,6;0;0;
318;0;0;0;0;0;0;1023;183,6;0;0;
324;0;0;0;0;0;0;1023;183,6;0;0;
328;0;0;0;0;0;0;1023;183,6;0;0;
332;0;0;0;0;0;0;1023;183,6;0;0;
336;0;0;0;0;0;0;1023;183,6;0;0;
342;0;0;0;0;0;0;1023;183,6;0;0;
348;0;0;0;0;0;0;1023;183,6;0;0;
353;0;0;0;0;0;0;1023;183,6;0;0;
359;0;0;0;0;0;0;1023;183,6;0;0;
363;0;0;0;0;0;0;1023;183,6;0;0;
367;0;0;0;0;0;0;1023;183,6;0;0;
372;0;0;0;0;0;0;1023;183,6;0;0;
378;0;0;0;0;0;0;1023;183,6;0;0;
383;0;0;0;0;0;0;1023;183,6;0;0;
389;0;0;0;0;0;0;1023;183,6;0;0;
393;0;0;0;0;0;0;1023;183,6;0;0;
397;0;0;0;0;0;0;1023;183,6;0;0;
402;0;0;0;0;0;0;1023;183,6;0;0;
409;0;0;0;0;0;0;1023;183,6;0;0;
413;0;0;0;0;0;0;1023;183,6;0;0;
418;0;0;0;0;0;0;1023;183,6;0;0;
424;0;0;0;0;0;0;1023;183,6;0;0;
430;0;0;0;0;0;0;1023;183,6;0;0;
435;0;0;0;0;0;0;1023;183,6;0;0;
441;0;0;0;0;0;0;1023;183,6;0;0;
446;0;0;0;0;0;0;1023;183,6;0;0;
452;0;0;0;0;0;0;1023;183,6;0;0;
456;0;0;0;0;0;0;1023;183,6;0;0;
460;0;0;0;0;0;0;1023;183,6;0;0;
465;0;0;0;0;0;0;1023;183,6;0;0;
471;0;0;0;0;0;0;1023;183,6;0;0;
477;0;0;0;0;0;0;1023;183,6;0;0;
483;0;0;0;0;0;0;1023;183,6;0;0;
487;0;0;0;0;0;0;1023;183,6;0;0;
492;0;0;0;0;0;0;1023;183,6;0;0;
499;0;0;0;0;0;0;1023;183,6;0;0;
503;0;0;0;0;0;0;1023;183,6;0;0;
510;0;0;0;0;0;0;1023;183,6;0;0;
515;0;0;0;0;0;0;1023;183,6;0;0;
521;0;0;0;0;0;0;1023;183,6;0;0;
529;0;0;0;0;0;0;1023;183,6;0;0;
534;0;0;0;0;0;0;1023;183,6;0;0;
541;0;0;0;0;0;0;1023;183,6;0;0;
545;0;0;0;0;0;0;1023;183,6;0;0;
550;0;0;0;0;0;0;1023;183,6;0;0;
556;0;0;0;0;0;0;1023;183,6;0;0;
561;0;0;0;0;0;0;1023;183,6;0;0;
565;0;0;0;0;0;0;1023;183,6;0;0;
569;0;0;0;0;0;0;1023;183,6;0;0;
574;0;0;0;0;0;0;1023;183,6;0;0;
579;0;0;0;0;0;0;1023;183,6;0;0;
582;0;0;0;0;0;0;1023;183,6;0;0;
586;0;0;0;0;0;0;1023;183,6;0;0;
591;0;0;0;0;0;0;1023;183,6;0;0;
595;0;0;0;0;0;0;1023;183,6;0;0;
599;0;0;0;0;0;0;1023;183,6;0;0;
603;0;0;0;0;0;0;1023;183,6;0;0;
607;0;0;0;0;0;0;1023;183,6;0;0;
612;0;0;0;0;0;0;1023;183,6;0;0;
616;0;0;0;0;0;0;1023;183,6;0;0;
620;0;0;0;0;0;0;1023;183,6;0;0;
624;0;0;0;0;0;0;1023;183,6;0;0;
628;0;0;0;0;0;0;1023;183,6;0;0;
632;0;0;0;0;0;0;1023;183,6;0;0;
636;0;0;0;0;0;0;1023;183,6;0;0;
640;0;0;0;0;0;0;1023;183,6;0;0;
644;0;0;0;0;0;0;1023;183,6;0;0;
649;0;0;0;0;0;0;1023;183,6;0;0;
653;0;0;0;0;0;0;1023;183,6;0;0;
657;0;0;0;0;0;0;1023;183,6;0;0;
661;0;0;0;0;0;0;1023;183,6;0;0;
665;0;0;0;0;0;0;1023;183,6;0;0;
669;0;0;0;0;0;0;1023;183,6;0;0;
674;0;0;0;0;0;0;1023;183,6;0;0;
678;0;0;0;0;0;0;1023;183,6;0;0;
682;0;0;0;0;0;0;1023;183,6;0;0;
686;0;0;0;0;0;0;1023;183,6;0;0;
690;0;0;0;0;0;0;1023;183,6;0;0;
695;0;0;0;0;0;0;1023;183,6;0;0;
699;0;0;0;0;0;0;1023;183,6;0;0;
704;0;0;0;0;0;0;1023;183,6;0;0;
709;0;0;0;0;0;0;1023;183,6;0;0;
713;0;0;0;0;0;0;1023;183,6;0;0;
716;0;0;0;0;0;0;1023;183,6;0;0;
720;0;0;0;0;0;0;1023;183,6;0;0;
725;0;0;0;0;0;0;1023;183,6;0;0;
729;0;0;0;0;0;0;1023;183,6;0;0;
733;0;0;0;0;0;0;1023;183,6;0;0;
737;0;0;0;0;0;0;1023;183,6;0;0;
742;0;0;0;0;0;0;1023;183,6;0;0;
746;0;0;0;0;0;0;1023;183,6;0;0;
750;0;0;0;0;0;0;1023;183,6;0;0;
754;0;0;0;0;0;0;1023;183,6;0;0;
762;0;0;0;0;0;0;1023;183,6;0;0;
767;0;0;0;0;0;0;1023;183,6;0;0;
771;0;0;0;0;0;0;1023;183,6;0;0;
776;0;0;0;0;0;0;1023;183,6;0;0;
780;0;0;0;0;0;0;1023;183,6;0;0;
784;0;0;0;0;0;0;1023;183,6;0;0;
788;0;0;0;0;0;0;1023;183,6;0;0;
793;0;0;0;0;0;0;1023;183,6;0;0;
797;0;0;0;0;0;0;1023;183,6;0;0;
802;0;0;0;0;0;0;1023;183,6;0;0;
807;0;0;0;0;0;0;1023;183,6;0;0;
811;0;0;0;0;0;0;1023;183,6;0;0;
815;0;0;0;0;0;0;1023;183,6;0;0;
819;0;0;0;0;0;0;1023;183,6;0;0;
823;0;0;0;0;0;0;1023;183,6;0;0;
828;0;0;0;0;0;0;1023;183,6;0;0;
832;0;0;0;0;0;0;1023;183,6;0;0;
836;0;0;0;0;0;0;1023;183,6;0;0;
840;0;0;0;0;0;0;1023;183,6;0;0;
845;0;0;0;0;0;0;1023;183,6;0;0;
852;0;0;0;0;0;0;1023;183,6;0;0;
856;0;0;0;0;0;0;1023;183,6;0;0;
860;0;0;0;0;0;0;1023;183,6;0;0;
864;0;0;0;0;0;0;1023;183,6;0;0;
869;0;0;0;0;0;0;1023;183,6;0;0;
873;0;0;0;0;0;0;1023;183,6;0;0;
878;0;0;0;0;0;0;1023;183,6;0;0;
882;0;0;0;0;0;0;1023;183,6;0;0;
886;0;0;0;0;0;0;1023;183,6;0;0;
890;0;0;0;0;0;0;1023;183,6;0;0;
895;0;0;0;0;0;0;1023;183,6;0;0;
899;0;0;0;0;0;0;1023;183,6;0;0;
903;0;0;0;0;0;0;1023;183,6;0;0;
907;0;0;0;0;0;0;1023;183,6;0;0;
911;0;0;0;0;0;0;1023;183,6;0;0;
915;0;0;0;0;0;0;1023;183,6;0;0;
919;0;0;0;0;0;0;1023;183,6;0;0;
923;0;0;0;0;0;0;1023;183,6;0;0;
927;0;0;0;0;0;0;1023;183,6;0;0;
931;0;0;0;0;0;0;1023;183,6;0;0;
936;0;0;0;0;0;0;1023;183,6;0;0;
939;0;0;0;0;0;0;1023;183,6;0;0;
944;0;0;0;0;0;0;1023;183,6;0;0;
948;0;0;0;0;0;0;1023;183,6;0;0;
952;0;0;0;0;0;0;1023;183,6;0;0;
957;0;0;0;0;0;0;1023;183,6;0;0;
961;0;0;0;0;0;0;1023;183,6;0;0;
965;0;0;0;0;0;0;1023;183,6;0;0;
969;0;0;0;0;0;0;1023;183,6;0;0;
973;0;0;0;0;0;0;1023;183,6;0;0;
977;0;0;0;0;0;0;1023;183,6;0;0;
981;0;0;0;0;0;0;1023;183,6;0;0;
985;0;0;0;0;0;0;1023;183,6;0;0;
989;0;0;0;0;0;0;1023;183,6;0;0;
993;0;0;0;0;0;0;1023;183,6;0;0;
997;0;0;0;0;0;0;1023;183,6;0;0;
1001;0;0;0;0;0;0;1023;183,6;0;0;
1005;0;0;0;0;0;0;1023;183,6;0;0;
1009;0;0;0;0;0;0;1023;183,6;0;0;
1014;0;0;0;0;0;0;1023;183,6;0;0;
1018;0;0;0;0;0;0;1023;183,6;0;0;
1022;0;0;0;0;0;0;1023;183,6;0;0;
1026;0;0;0;0;0;0;1023;183,6;0;0;
1030;0;0;0;0;0;0;1023;183,6;0;0;
1034;0;0;0;0;0;0;1023;183,6;0;0;
1038;0;0;0;0;0;0;1023;183,6;0;0;
1042;0;0;0;0;0;0;1023;183,6;0;0;
1046;0;0;0;0;0;0;1023;183,6;0;0;
1050;0;0;0;0;0;0;1023;183,6;0;0;
1055;0;0;0;0;0;0;1023;183,6;0;0;
1059;0;0;0;0;0;0;1023;183,6;0;0;
1063;0;0;0;0;0;0;1023;183,6;0;0;
1067;0;0;0;0;0;0;1023;183,6;0;0;
1071;0;0;0;0;0;0;1023;183,6;0;0;
1075;0;0;0;0;0;0;1023;183,6;0;0;
1079;0;0;0;0;0;0;1023;183,6;0;0;
1083;0;0;0;0;0;0;1023;183,6;0;0;
1087;0;0;0;0;0;0;1023;183,6;0;0;
1095;0;0;0;0;0;0;1023;183,6;0;0;
1102;0;0;0;0;0;0;1023;183,6;0;0;
1106;0;0;0;0;0;0;1023;183,6;0;0;
1110;0;0;0;0;0;0;1023;183,6;0;0;
1114;0;0;0;0;0;0;1023;183,6;0;0;
1118;0;0;0;0;0;0;1023;183,6;0;0;
1122;0;0;0;0;0;0;1023;183,6;0;0;
1126;0;0;0;0;0;0;1023;183,6;0;0;
1130;0;0;0;0;0;0;1023;183,6;0;0;
1135;0;0;0;0;0;0;1023;183,6;0;0;
1139;0;0;0;0;0;0;1023;183,6;0;0;
1143;0;0;0;0;0;0;1023;183,6;0;0;
1181;0;0;0;0;0;0;1023;183,6;0;0;
1291;0;0;0;0;0;0;1023;183,6;0;0;
1304;0;0;0;0;0;0;1023;183,6;0;0;
1309;0;0;0;0;0;0;1023;183,6;0;0;
1314;0;0;0;0;0;0;1023;183,6;0;0;
1318;0;0;0;0;0;0;1023;183,6;0;0;
1323;0;0;0;0;0;0;1023;183,6;0;0;
1327;0;0;0;0;0;0;1023;183,6;0;0;
1332;0;0;0;0;0;0;1023;183,6;0;0;
1336;0;0;0;0;0;0;1023;183,6;0;0;
1341;0;0;0;0;0;0;1023;183,6;0;0;
1345;0;0;0;0;0;0;1023;183,6;0;0;
1350;0;0;0;0;0;0;1023;183,6;0;0;
1354;0;0;0;0;0;0;1023;183,6;0;0;
1359;0;0;0;0;0;0;1023;183,6;0;0;
1367;0;0;0;0;0;0;1023;183,6;0;0;
1373;0;0;0;0;0;0;1023;183,6;0;0;
1380;0;0;0;0;0;0;1023;183,6;0;0;
1385;0;0;0;0;0;0;1023;183,6;0;0;
1393;0;0;0;0;0;0;1023;183,6;0;0;
1401;0;0;0;0;0;0;1023;183,6;0;0;
1408;0;0;0;0;0;0;1023;183,6;0;0;
1413;0;0;0;0;0;0;1023;183,6;0;0;
1423;0;0;0;0;0;0;1023;183,6;0;0;
1430;0;0;0;0;0;0;1023;183,6;0;0;
1435;0;0;0;0;0;0;1023;183,6;0;0;
1441;0;0;0;0;0;0;1023;183,6;0;0;
1455;0;0;0;0;0;0;1023;183,6;0;0;
1461;0;0;0;0;0;0;1023;183,6;0;0;
1467;0;0;0;0;0;0;1023;183,6;0;0;
1473;0;0;0;0;0;0;1023;183,6;0;0;
1479;0;0;0;0;0;0;1023;183,6;0;0;
1484;0;0;0;0;0;0;1023;183,6;0;0;
1489;0;0;0;0;0;0;1023;183,6;0;0;
1494;0;0;0;0;0;0;1023;183,6;0;0;
1498;0;0;0;0;0;0;1023;183,6;0;0;
1504;0;0;0;0;0;0;1023;183,6;0;0;
1508;0;0;0;0;0;0;1023;183,6;0;0;
1513;0;0;0;0;0;0;1023;183,6;0;0;
1517;0;0;0;0;0;0;1023;183,6;0;0;
1522;0;0;0;0;0;0;1023;183,6;0;0;
1526;0;0;0;0;0;0;1023;183,6;0;0;
1531;0;0;0;0;0;0;1023;183,6;0;0;
1536;0;0;0;0;0;0;1023;183,6;0;0;
1541;0;0;0;0;0;0;1023;183,6;0;0;
1546;0;0;0;0;0;0;1023;183,6;0;0;
1551;0;0;0;0;0;0;1023;183,6;0;0;
1555;0;0;0;0;0;0;1023;183,6;0;0;
1560;0;0;0;0;0;0;1023;183,6;0;0;
1564;0;0;0;0;0;0;1023;183,6;0;0;
1568;0;0;0;0;0;0;1023;183,6;0;0;
1573;0;0;0;0;0;0;1023;183,6;0;0;
1577;0;0;0;0;0;0;1023;183,6;0;0;
1582;0;0;0;0;0;0;1023;183,6;0;0;
1586;0;0;0;0;0;0;1023;183,6;0;0;
1590;0;0;0;0;0;0;1023;183,6;0;0;
1595;0;0;0;0;0;0;1023;183,6;0;0;
1607;0;0;0;0;0;0;1023;183,6;0;0;
1612;0;0;0;0;0;0;1023;183,6;0;0;
1616;0;0;0;0;0;0;1023;183,6;0;0;
1621;0;0;0;0;0;0;1023;183,6;0;0;
1625;0;0;0;0;0;0;1023;183,6;0;0;
1629;0;0;0;0;0;0;1023;183,6;0;0;
1633;0;0;0;0;0;0;1023;183,6;0;0;
1638;0;0;0;0;0;0;1023;183,6;0;0;
1643;0;0;0;0;0;0;1023;183,6;0;0;
1647;0;0;0;0;0;0;1023;183,6;0;0;
1652;0;0;0;0;0;0;1023;183,6;0;0;
1656;0;0;0;0;0;0;1023;183,6;0;0;
1661;0;0;0;0;0;0;1023;183,6;0;0;
1665;0;0;0;0;0;0;1023;183,6;0;0;
1669;0;0;0;0;0;0;1023;183,6;0;0;
1674;0;0;0;0;0;0;1023;183,6;0;0;
1678;0;0;0;0;0;0;1023;183,6;0;0;
1682;0;0;0;0;0;0;1023;183,6;0;0;
1688;0;0;0;0;0;0;1023;183,6;0;0;
1694;0;0;0;0;0;0;1023;183,6;0;0;
1699;0;0;0;0;0;0;1023;183,6;0;0;
1706;0;0;0;0;0;0;1023;183,6;0;0;
1711;0;0;0;0;0;0;1023;183,6;0;0;
1717;0;0;0;0;0;0;1023;183,6;0;0;
1722;0;0;0;0;0;0;1023;183,6;0;0;
1728;0;0;0;0;0;0;1023;183,6;0;0;
1734;0;0;0;0;0;0;1023;183,6;0;0;
1740;0;0;0;0;0;0;1023;183,6;0;0;
1745;0;0;0;0;0;0;1023;183,6;0;0;
1750;0;0;0;0;0;0;1023;183,6;0;0;
1763;0;0;0;0;0;0;1023;183,6;0;0;
1769;0;0;0;0;0;0;1023;183,6;0;0;
1773;0;0;0;0;0;0;1023;183,6;0;0;
1779;0;0;0;0;0;0;1023;183,6;0;0;
1785;0;0;0;0;0;0;1023;183,6;0;0;
1789;0;0;0;0;0;0;1023;183,6;0;0;
1795;0;0;0;0;0;0;1023;183,6;0;0;
1801;0;0;0;0;0;0;1023;183,6;0;0;
1807;0;0;0;0;0;0;1023;183,6;0;0;
1813;0;0;0;0;0;0;1023;183,6;0;0;
1817;0;0;0;0;0;0;1023;183,6;0;0;
1823;0;0;0;0;0;0;1023;183,6;0;0;
1828;0;0;0;0;0;0;1023;183,6;0;0;
1833;0;0;0;0;0;0;1023;183,6;0;0;
1837;0;0;0;0;0;0;1023;183,6;0;0;
1844;0;0;0;0;0;0;1023;183,6;0;0;
1850;0;0;0;0;0;0;1023;183,6;0;0;
1856;0;0;0;0;0;0;1023;183,6;0;0;
1862;0;0;0;0;0;0;1023;183,6;0;0;
1868;0;0;0;0;0;0;1023;183,6;0;0;
1873;0;0;0;0;0;0;1023;183,6;0;0;
1878;0;0;0;0;0;0;1023;183,6;0;0;
1883;0;0;0;0;0;0;1023;183,6;0;0;
1887;0;0;0;0;0;0;1023;183,6;0;0;
1893;0;0;0;0;0;0;1023;183,6;0;0;
1899;0;0;0;0;0;0;1023;183,6;0;0;
1905;0;0;0;0;0;0;1023;183,6;0;0;
1919;0;0;0;0;0;0;1023;183,6;0;0;
1923;0;0;0;0;0;0;1023;183,6;0;0;
1929;0;0;0;0;0;0;1023;183,6;0;0;
1934;0;0;0;0;0;0;1023;183,6;0;0;
1938;0;0;0;0;0;0;1023;183,6;0;0;
1944;0;0;0;0;0;0;1023;183,6;0;0;
1950;0;0;0;0;0;0;1023;183,6;0;0;
1955;0;0;0;0;0;0;1023;183,6;0;0;
1960;0;0;0;0;0;0;1023;183,6;0;0;
1965;0;0;0;0;0;0;1023;183,6;0;0;
1970;0;0;0;0;0;0;1023;183,6;0;0;
1975;0;0;0;0;0;0;1023;183,6;0;0;
1979;0;0;0;0;0;0;1023;183,6;0;0;
1984;0;0;0;0;0;0;1023;183,6;0;0;
1988;0;0;0;0;0;0;1023;183,6;0;0;
1993;0;0;0;0;0;0;1023;183,6;0;0;
1998;0;0;0;0;0;0;1023;183,6;0;0;
2003;0;0;0;0;0;0;1023;183,6;0;0;
2008;0;0;0;0;0;0;1023;183,6;0;0;
2013;0;0;0;0;0;0;1023;183,6;0;0;
2018;0;0;0;0;0;0;1023;183,6;0;0;
2024;0;0;0;0;0;0;1023;183,6;0;0;
2029;0;0;0;0;0;0;1023;183,6;0;0;
2034;0;0;0;0;0;0;1023;183,6;0;0;
2039;0;0;0;0;0;0;1023;183,6;0;0;
2043;0;0;0;0;0;0;1023;183,6;0;0;
2048;0;0;0;0;0;0;1023;183,6;0;0;
2059;0;0;0;0;0;0;1023;183,6;0;0;
2072;0;0;0;0;0;0;1023;183,6;0;0;
2077;0;0;0;0;0;0;1023;183,6;0;0;
2082;0;0;0;0;0;0;1023;183,6;0;0;
2086;0;0;0;0;0;0;1023;183,6;0;0;
2091;0;0;0;0;0;0;1023;183,6;0;0;
2095;0;0;0;0;0;0;1023;183,6;0;0;
2099;0;0;0;0;0;0;1023;183,6;0;0;
2104;0;0;0;0;0;0;1023;183,6;0;0;
2109;0;0;0;0;0;0;1023;183,6;0;0;
2113;0;0;0;0;0;0;1023;183,6;0;0;
2118;0;0;0;0;0;0;1023;183,6;0;0;
2122;0;0;0;0;0;0;1023;183,6;0;0;
2127;0;0;0;0;0;0;1023;183,6;0;0;
2131;0;0;0;0;0;0;1023;183,6;0;0;
2136;0;0;0;0;0;0;1023;183,6;0;0;
2141;0;0;0;0;0;0;1023;183,6;0;0;
2145;0;0;0;0;0;0;1023;183,6;0;0;
2150;0;0;0;0;0;0;1023;183,6;0;0;
2154;0;0;0;0;0;0;1023;183,6;0;0;
2158;0;0;0;0;0;0;1023;183,6;0;0;
2163;0;0;0;0;0;0;1023;183,6;0;0;
2168;0;0;0;0;0;0;1023;183,6;0;0;
2172;0;0;0;0;0;0;1023;183,6;0;0;
2176;0;0;0;0;0;0;1023;183,6;0;0;
2181;0;0;0;0;0;0;1023;183,6;0;0;
2186;0;0;0;0;0;0;1023;183,6;0;0;
2190;0;0;0;0;0;0;1023;183,6;0;0;
2195;0;0;0;0;0;0;1023;183,6;0;0;
2199;0;0;0;0;0;0;1023;183,6;0;0;
2204;0;0;0;0;0;0;1023;183,6;0;0;
2208;0;0;0;0;0;0;1023;183,6;0;0;
2212;0;0;0;0;0;0;1023;183,6;0;0;
2224;0;0;0;0;0;0;1023;183,6;0;0;
2230;0;0;0;0;0;0;1023;183,6;0;0;
2239;0;0;0;0;0;0;1023;183,6;0;0;
2243;0;0;0;0;0;0;1023;183,6;0;0;
2248;0;0;0;0;0;0;1023;183,6;0;0;
2253;0;0;0;0;0;0;1023;183,6;0;0;
2258;0;0;0;0;0;0;1023;183,6;0;0;
2262;0;0;0;0;0;0;1023;183,6;0;0;
2266;0;0;0;0;0;0;1023;183,6;0;0;
2271;0;0;0;0;0;0;1023;183,6;0;0;
2276;0;0;0;0;0;0;1023;183,6;0;0;
2280;0;0;0;0;0;0;1023;183,6;0;0;
2285;0;0;0;0;0;0;1023;183,6;0;0;
2290;0;0;0;0;0;0;1023;183,6;0;0;
2294;0;0;0;0;0;0;1023;183,6;0;0;
2299;0;0;0;0;0;0;1023;183,6;0;0;
2303;0;0;0;0;0;0;1023;183,6;0;0;
2312;0;0;0;0;0;0;1023;183,6;0;0;
2320;0;0;0;0;0;0;1023;183,6;0;0;
2324;0;0;0;0;0;0;1023;183,6;0;0;
2329;0;0;0;0;0;0;1023;183,6;0;0;
2333;0;0;0;0;0;0;1023;183,6;0;0;
2337;0;0;0;0;0;0;1023;183,6;0;0;
2342;0;0;0;0;0;0;1023;183,6;0;0;
2346;0;0;0;0;0;0;1023;183,6;0;0;
2350;0;0;0;0;0;0;1023;183,6;0;0;
2355;0;0;0;0;0;0;1023;183,6;0;0;
2360;0;0;0;0;0;0;1023;183,6;0;0;
2365;0;0;0;0;0;0;1023;183,6;0;0;
2377;0;0;0;0;0;0;1023;183,6;0;0;
2382;0;0;0;0;0;0;1023;183,6;0;0;
2386;0;0;0;0;0;0;1023;183,6;0;0;
2391;0;0;0;0;0;0;1023;183,6;0;0;
2395;0;0;0;0;0;0;1023;183,6;0;0;
2399;0;0;0;0;0;0;1023;183,6;0;0;
2404;0;0;0;0;0;0;1023;183,6;0;0;
2408;0;0;0;0;0;0;1023;183,6;0;0;
2413;0;0;0;0;0;0;1023;183,6;0;0;
2417;0;0;0;0;0;0;1023;183,6;0;0;
2421;0;0;0;0;0;0;1023;183,6;0;0;
2426;0;0;0;0;0;0;1023;183,6;0;0;
2430;0;0;0;0;0;0;1023;183,6;0;0;
2435;0;0;0;0;0;0;1023;183,6;0;0;
2439;0;0;0;0;0;0;1023;183,6;0;0;
2444;0;0;0;0;0;0;1023;183,6;0;0;
2448;0;0;0;0;0;0;1023;183,6;0;0;
2452;0;0;0;0;0;0;1023;183,6;0;0;
2457;0;0;0;0;0;0;1023;183,6;0;0;
2462;0;0;0;0;0;0;1023;183,6;0;0;
2466;0;0;0;0;0;0;1023;183,6;0;0;
2470;0;0;0;0;0;0;1023;183,6;0;0;
2475;0;0;0;0;0;0;1023;183,6;0;0;
2480;0;0;0;0;0;0;1023;183,6;0;0;
2485;0;0;0;0;0;0;1023;183,6;0;0;
2489;0;0;0;0;0;0;1023;183,6;0;0;
2493;0;0;0;0;0;0;1023;183,6;0;0;
2498;0;0;0;0;0;0;1023;183,6;0;0;
2502;0;0;0;0;0;0;1023;183,6;0;0;
2507;0;0;0;0;0;0;1023;183,6;0;0;
2511;0;0;0;0;0;0;1023;183,6;0;0;
2516;0;0;0;0;0;0;1023;183,6;0;0;
2533;0;0;0;0;0;0;1023;183,6;0;0;
2541;0;0;0;0;0;0;1023;183,6;0;0;
2547;0;0;0;0;0;0;1023;183,6;0;0;
2553;0;0;0;0;0;0;1023;183,6;0;0;
2559;0;0;0;0;0;0;1023;183,6;0;0;
2565;0;0;0;0;0;0;1023;183,6;0;0;
2571;0;0;0;0;0;0;1023;183,6;0;0;
2577;0;0;0;0;0;0;1023;183,6;0;0;
2583;0;0;0;0;0;0;1023;183,6;0;0;
2589;0;0;0;0;0;0;1023;183,6;0;0;
2595;0;0;0;0;0;0;1023;183,6;0;0;
2600;0;0;0;0;0;0;1023;183,6;0;0;
2606;0;0;0;0;0;0;1023;183,6;0;0;
2612;0;0;0;0;0;0;1023;183,6;0;0;
2617;0;0;0;0;0;0;1023;183,6;0;0;
2622;0;0;0;0;0;0;1023;183,6;0;0;
2628;0;0;0;0;0;0;1023;183,6;0;0;
2634;0;0;0;0;0;0;1023;183,6;0;0;
2639;0;0;0;0;0;0;1023;183,6;0;0;
2645;0;0;0;0;0;0;1023;183,6;0;0;
2649;0;0;0;0;0;0;1023;183,6;0;0;
2655;0;0;0;0;0;0;1023;183,6;0;0;
2659;0;0;0;0;0;0;1023;183,6;0;0;
2665;0;0;0;0;0;0;1023;183,6;0;0;
2671;0;0;0;0;0;0;1023;183,6;0;0;
2684;0;0;0;0;0;0;1023;183,6;0;0;
2689;0;0;0;0;0;0;1023;183,6;0;0;
2695;0;0;0;0;0;0;1023;183,6;0;0;
2701;0;0;0;0;0;0;1023;183,6;0;0;
2707;0;0;0;0;0;0;1023;183,6;0;0;
2713;0;0;0;0;0;0;1023;183,6;0;0;
2718;0;0;0;0;0;0;1023;183,6;0;0;
2723;0;0;0;0;0;0;1023;183,6;0;0;
2734;0;0;0;0;0;0;1023;183,6;0;0;
2739;0;0;0;0;0;0;1023;183,6;0;0;
2745;0;0;0;0;0;0;1023;183,6;0;0;
2751;0;0;0;0;0;0;1023;183,6;0;0;
2756;0;0;0;0;0;0;1023;183,6;0;0;
2760;0;0;0;0;0;0;1023;183,6;0;0;
2766;0;0;0;0;0;0;1023;183,6;0;0;
2772;0;0;0;0;0;0;1023;183,6;0;0;
2778;0;0;0;0;0;0;1023;183,6;0;0;
2784;0;0;0;0;0;0;1023;183,6;0;0;
2790;0;0;0;0;0;0;1023;183,6;0;0;
2795;0;0;0;0;0;0;1023;183,6;0;0;
2800;0;0;0;0;0;0;1023;183,6;0;0;
2806;0;0;0;0;0;0;1023;183,6;0;0;
2812;0;0;0;0;0;0;1023;183,6;0;0;
2818;0;0;0;0;0;0;1023;183,6;0;0;
2823;0;0;0;0;0;0;1023;183,6;0;0;
2837;0;0;0;0;0;0;1023;183,6;0;0;
2843;0;0;0;0;0;0;1023;183,6;0;0;
2849;0;0;0;0;0;0;1023;183,6;0;0;
2854;0;0;0;0;0;0;1023;183,6;0;0;
2860;0;0;0;0;0;0;1023;183,6;0;0;
2864;0;0;0;0;0;0;1023;183,6;0;0;
2870;0;0;0;0;0;0;1023;183,6;0;0;
2876;0;0;0;0;0;0;1023;183,6;0;0;
2881;0;0;0;0;0;0;1023;183,6;0;0;
2887;0;0;0;0;0;0;1023;183,6;0;0;
2893;0;0;0;0;0;0;1023;183,6;0;0;
2898;0;0;0;0;0;0;1023;183,6;0;0;
2904;0;0;0;0;0;0;1023;183,6;0;0;
2909;0;0;0;0;0;0;1023;183,6;0;0;
2914;0;0;0;0;0;0;1023;183,6;0;0;
2920;0;0;0;0;0;0;1023;183,6;0;0;
2925;0;0;0;0;0;0;1023;183,6;0;0;
2931;0;0;0;0;0;0;1023;183,6;0;0;
2937;0;0;0;0;0;0;1023;183,6;0;0;
2941;0;0;0;0;0;0;1023;183,6;0;0;
2947;0;0;0;0;0;0;1023;183,6;0;0;
2951;0;0;0;0;0;0;1023;183,6;0;0;
2956;0;0;0;0;0;0;1023;183,6;0;0;
2961;0;0;0;0;0;0;1023;183,6;0;0;
2966;0;0;0;0;0;0;1023;183,6;0;0;
2972;0;0;0;0;0;0;1023;183,6;0;0;
2978;0;0;0;0;0;0;1023;183,6;0;0;
2992;0;0;0;0;0;0;1023;183,6;0;0;
2998;0;0;0;0;0;0;1023;183,6;0;0;
3004;0;0;0;0;0;0;1023;183,6;0;0;
3010;0;0;0;0;0;0;1023;183,6;0;0;
3015;0;0;0;0;0;0;1023;183,6;0;0;
3020;0;0;0;0;0;0;1023;183,6;0;0;
3025;0;0;0;0;0;0;1023;183,6;0;0;
3031;0;0;0;0;0;0;1023;183,6;0;0;
3037;0;0;0;0;0;0;1023;183,6;0;0;
3041;0;0;0;0;0;0;1023;183,6;0;0;
3047;0;0;0;0;0;0;1023;183,6;0;0;
3052;0;0;0;0;0;0;1023;183,6;0;0;
3056;0;0;0;0;0;0;1023;183,6;0;0;
3061;0;0;0;0;0;0;1023;183,6;0;0;
3065;0;0;0;0;0;0;1023;183,6;0;0;
3069;0;0;0;0;0;0;1023;183,6;0;0;
3074;0;0;0;0;0;0;1023;183,6;0;0;
3079;0;0;0;0;0;0;1023;183,6;0;0;
3085;0;0;0;0;0;0;1023;183,6;0;0;
3090;0;0;0;0;0;0;1023;183,6;0;0;
3096;0;0;0;0;0;0;1023;183,6;0;0;
3101;0;0;0;0;0;0;1023;183,6;0;0;
3106;0;0;0;0;0;0;1023;183,6;0;0;
3111;0;0;0;0;0;0;1023;183,6;0;0;
3115;0;0;0;0;0;0;1023;183,6;0;0;
3120;0;0;0;0;0;0;1023;183,6;0;0;
3125;0;0;0;0;0;0;1023;183,6;0;0;
3129;0;0;0;0;0;0;1023;183,6;0;0;
3143;0;0;0;0;0;0;1023;183,6;0;0;
3149;0;0;0;0;0;0;1023;183,6;0;0;
3154;0;0;0;0;0;0;1023;183,6;0;0;
3158;0;0;0;0;0;0;1023;183,6;0;0;
3163;0;0;0;0;0;0;1023;183,6;0;0;
3169;0;0;0;0;0;0;1023;183,6;0;0;
3174;0;0;0;0;0;0;1023;183,6;0;0;
3180;0;0;0;0;0;0;1023;183,6;0;0;
3185;0;0;0;0;0;0;1023;183,6;0;0;
3189;0;0;0;0;0;0;1023;183,6;0;0;
3195;0;0;0;0;0;0;1023;183,6;0;0;
3199;0;0;0;0;0;0;1023;183,6;0;0;
3205;0;0;0;0;0;0;1023;183,6;0;0;
3210;0;0;0;0;0;0;1023;183,6;0;0;
3214;0;0;0;0;0;0;1023;183,6;0;0;
3219;0;0;0;0;0;0;1023;183,6;0;0;
3224;0;0;0;0;0;0;1023;183,6;0;0;
3229;0;0;0;0;0;0;1023;183,6;0;0;
3234;0;0;0;0;0;0;1023;183,6;0;0;
3239;0;0;0;0;0;0;1023;183,6;0;0;
3245;0;0;0;0;0;0;1023;183,6;0;0;
3250;0;0;0;0;0;0;1023;183,6;0;0;
3254;0;0;0;0;0;0;1023;183,6;0;0;
3258;0;0;0;0;0;0;1023;183,6;0;0;
3263;0;0;0;0;0;0;1023;183,6;0;0;
3268;0;0;0;0;0;0;1023;183,6;0;0;
3272;0;0;0;0;0;0;1023;183,6;0;0;
3277;0;0;0;0;0;0;1023;183,6;0;0;
3282;0;0;0;0;0;0;1023;183,6;0;0;
3295;0;0;0;0;0;0;1023;183,6;0;0;
3300;0;0;0;0;0;0;1023;183,6;0;0;
3306;0;0;0;0;0;0;1023;183,6;0;0;
3311;0;0;0;0;0;0;1023;183,6;0;0;
3315;0;0;0;0;0;0;1023;183,6;0;0;
3320;0;0;0;0;0;0;1023;183,6;0;0;
3324;0;0;0;0;0;0;1023;183,6;0;0;
3330;0;0;0;0;0;0;1023;183,6;0;0;
3334;0;0;0;0;0;0;1023;183,6;0;0;
3338;0;0;0;0;0;0;1023;183,6;0;0;
3343;0;0;0;0;0;0;1023;183,6;0;0;
3348;0;0;0;0;0;0;1023;183,6;0;0;
3352;0;0;0;0;0;0;1023;183,6;0;0;
3356;0;0;0;0;0;0;1023;183,6;0;0;
3361;0;0;0;0;0;0;1023;183,6;0;0;
3365;0;0;0;0;0;0;1023;183,6;0;0;
3376;0;0;0;0;0;0;1023;183,6;0;0;
3381;0;0;0;0;0;0;1023;183,6;0;0;
3385;0;0;0;0;0;0;1023;183,6;0;0;
3389;0;0;0;0;0;0;1023;183,6;0;0;
3395;0;0;0;0;0;0;1023;183,6;0;0;
3399;0;0;0;0;0;0;1023;183,6;0;0;
3403;0;0;0;0;0;0;1023;183,6;0;0;
3408;0;0;0;0;0;0;1023;183,6;0;0;
3412;0;0;0;0;0;0;1023;183,6;0;0;
3416;0;0;0;0;0;0;1023;183,6;0;0;
3422;0;0;0;0;0;0;1023;183,6;0;0;
3427;0;0;0;0;0;0;1023;183,6;0;0;
3431;0;0;0;0;0;0;1023;183,6;0;0;
3436;0;0;0;0;0;0;1023;183,6;0;0;
3449;0;0;0;0;0;0;1023;183,6;0;0;
3454;0;0;0;0;0;0;1023;183,6;0;0;
3460;0;0;0;0;0;0;1023;183,6;0;0;
3465;0;0;0;0;0;0;1023;183,6;0;0;
3470;0;0;0;0;0;0;1023;183,6;0;0;
3475;0;0;0;0;0;0;1023;183,6;0;0;
3480;0;0;0;0;0;0;1023;183,6;0;0;
3486;0;0;0;0;0;0;1023;183,6;0;0;
3490;0;0;0;0;0;0;1023;183,6;0;0;
3496;0;0;0;0;0;0;1023;183,6;0;0;
3501;0;0;0;0;0;0;1023;183,6;0;0;
3506;0;0;0;0;0;0;1023;183,6;0;0;
3512;0;0;0;0;0;0;1023;183,6;0;0;
3516;0;0;0;0;0;0;1023;183,6;0;0;
3522;0;0;0;0;0;0;1023;183,6;0;0;
3527;0;0;0;0;0;0;1023;183,6;0;0;
3533;0;0;0;0;0;0;1023;183,6;0;0;
3538;0;0;0;0;0;0;1023;183,6;0;0;
3544;0;0;0;0;0;0;1023;183,6;0;0;
3550;0;0;0;0;0;0;1023;183,6;0;0;
3554;0;0;0;0;0;0;1023;183,6;0;0;
3560;0;0;0;0;0;0;1023;183,6;0;0;
3565;0;0;0;0;0;0;1023;183,6;0;0;
3571;0;0;0;0;0;0;1023;183,6;0;0;
3576;0;0;0;0;0;0;1023;183,6;0;0;
3580;0;0;0;0;0;0;1023;183,6;0;0;
3586;0;0;0;0;0;0;1023;183,6;0;0;
3598;0;0;0;0;0;0;1023;183,6;0;0;
3604;0;0;0;0;0;0;1023;183,6;0;0;
3613;0;0;0;0;0;0;1023;183,6;0;0;
3619;0;0;0;0;0;0;1023;183,6;0;0;
3624;0;0;0;0;0;0;1023;183,6;0;0;
3628;0;0;0;0;0;0;1023;183,6;0;0;
3633;0;0;0;0;0;0;1023;183,6;0;0;
3637;0;0;0;0;0;0;1023;183,6;0;0;
3642;0;0;0;0;0;0;1023;183,6;0;0;
3646;0;0;0;0;0;0;1023;183,6;0;0;
3650;0;0;0;0;0;0;1023;183,6;0;0;
3655;0;0;0;0;0;0;1023;183,6;0;0;
3659;0;0;0;0;0;0;1023;183,6;0;0;
3664;0;0;0;0;0;0;1023;183,6;0;0;
3668;0;0;0;0;0;0;1023;183,6;0;0;
3672;0;0;0;0;0;0;1023;183,6;0;0;
3678;0;0;0;0;0;0;1023;183,6;0;0;
3683;0;0;0;0;0;0;1023;183,6;0;0;
3687;0;0;0;0;0;0;1023;183,6;0;0;
3691;0;0;0;0;0;0;1023;183,6;0;0;
3695;0;0;0;0;0;0;1023;183,6;0;0;
3700;0;0;0;0;0;0;1023;183,6;0;0;
3704;0;0;0;0;0;0;1023;183,6;0;0;
3708;0;0;0;0;0;0;1023;183,6;0;0;
3713;0;0;0;0;0;0;1023;183,6;0;0;
3717;0;0;0;0;0;0;1023;183,6;0;0;
3721;0;0;0;0;0;0;1023;183,6;0;0;
3726;0;0;0;0;0;0;1023;183,6;0;0;
3732;0;0;0;0;0;0;1023;183,6;0;0;
3736;0;0;0;0;0;0;1023;183,6;0;0;
3748;0;0;0;0;0;0;1023;183,6;0;0;
3753;0;0;0;0;0;0;1023;183,6;0;0;
3759;0;0;0;0;0;0;1023;183,6;0;0;
3764;0;0;0;0;0;0;1023;183,6;0;0;
3768;0;0;0;0;0;0;1023;183,6;0;0;
3773;0;0;0;0;0;0;1023;183,6;0;0;
3776;0;0;0;0;0;0;1023;183,6;0;0;
3781;0;0;0;0;0;0;1023;183,6;0;0;
3785;0;0;0;0;0;0;1023;183,6;0;0;
3790;0;0;0;0;0;0;1023;183,6;0;0;
3794;0;0;0;0;0;0;1023;183,6;0;0;
3799;0;0;0;0;0;0;1023;183,6;0;0;
3803;0;0;0;0;0;0;1023;183,6;0;0;
3808;0;0;0;0;0;0;1023;183,6;0;0;
3813;0;0;0;0;0;0;1023;183,6;0;0;
3817;0;0;0;0;0;0;1023;183,6;0;0;
3821;0;0;0;0;0;0;1023;183,6;0;0;
3826;0;0;0;0;0;0;1023;183,6;0;0;
3831;0;0;0;0;0;0;1023;183,6;0;0;
3834;0;0;0;0;0;0;1023;183,6;0;0;
3838;0;0;0;0;0;0;1023;183,6;0;0;
3843;0;0;0;0;0;0;1023;183,6;0;0;
3847;0;0;0;0;0;0;1023;183,6;0;0;
3852;0;0;0;0;0;0;1023;183,6;0;0;
3856;0;0;0;0;0;0;1023;183,6;0;0;
3861;0;0;0;0;0;0;1023;183,6;0;0;
3865;0;0;0;0;0;0;1023;183,6;0;0;
3871;0;0;0;0;0;0;1023;183,6;0;0;
3874;0;0;0;0;0;0;1023;183,6;0;0;
3879;0;0;0;0;0;0;1023;183,6;0;0;
3885;0;0;0;0;0;0;1023;183,6;0;0;
3890;0;0;0;0;0;0;1023;183,6;0;0;
3903;0;0;0;0;0;0;1023;183,6;0;0;
3908;0;0;0;0;0;0;1023;183,6;0;0;
3913;0;0;0;0;0;0;1023;183,6;0;0;
3918;0;0;0;0;0;0;1023;183,6;0;0;
3923;0;0;0;0;0;0;1023;183,6;0;0;
3927;0;0;0;0;0;0;1023;183,6;0;0;
3931;0;0;0;0;0;0;1023;183,6;0;0;
3936;0;0;0;0;0;0;1023;183,6;0;0;
3940;0;0;0;0;0;0;1023;183,6;0;0;
3945;0;0;0;0;0;0;1023;183,6;0;0;
3949;0;0;0;0;0;0;1023;183,6;0;0;
3953;0;0;0;0;0;0;1023;183,6;0;0;
3958;0;0;0;0;0;0;1023;183,6;0;0;
3963;0;0;0;0;0;0;1023;183,6;0;0;
3967;0;0;0;0;0;0;1023;183,6;0;0;
3972;0;0;0;0;0;0;1023;183,6;0;0;
3976;0;0;0;0;0;0;1023;183,6;0;0;
3981;0;0;0;0;0;0;1023;183,6;0;0;
3985;0;0;0;0;0;0;1023;183,6;0;0;
3990;0;0;0;0;0;0;1023;183,6;0;0;
3995;0;0;0;0;0;0;1023;183,6;0;0;
3999;0;0;0;0;0;0;1023;183,6;0;0;
4004;0;0;0;0;0;0;1023;183,6;0;0;
4008;0;0;0;0;0;0;1023;183,6;0;0;
4012;0;0;0;0;0;0;1023;183,6;0;0;
4017;0;0;0;0;0;0;1023;183,6;0;0;
4021;0;0;0;0;0;0;1023;183,6;0;0;
4025;0;0;0;0;0;0;1023;183,6;0;0;
4035;0;0;0;0;0;0;1023;183,6;0;0;
4041;0;0;0;0;0;0;1023;183,6;0;0;
4054;0;0;0;0;0;0;1023;183,6;0;0;
4059;0;0;0;0;0;0;1023;183,6;0;0;
4064;0;0;0;0;0;0;1023;183,6;0;0;
4069;0;0;0;0;0;0;1023;183,6;0;0;
4074;0;0;0;0;0;0;1023;183,6;0;0;
4078;0;0;0;0;0;0;1023;183,6;0;0;
4083;0;0;0;0;0;0;1023;183,6;0;0;
4087;0;0;0;0;0;0;1023;183,6;0;0;
4091;0;0;0;0;0;0;1023;183,6;0;0;
4095;0;0;0;0;0;0;1023;183,6;0;0;
4100;0;0;0;0;0;0;1023;183,6;0;0;
4105;0;0;0;0;0;0;1023;183,6;0;0;
4110;0;0;0;0;0;0;1023;183,6;0;0;
4115;0;0;0;0;0;0;1023;183,6;0;0;
4120;0;0;0;0;0;0;1023;183,6;0;0;
4124;0;0;0;0;0;0;1023;183,6;0;0;
4128;0;0;0;0;0;0;1023;183,6;0;0;
4133;0;0;0;0;0;0;1023;183,6;0;0;
4137;0;0;0;0;0;0;1023;183,6;0;0;
4141;0;0;0;0;0;0;1023;183,6;0;0;
4146;0;0;0;0;0;0;1023;183,6;0;0;
4151;0;0;0;0;0;0;1023;183,6;0;0;
4155;0;0;0;0;0;0;1023;183,6;0;0;
4159;0;0;0;0;0;0;1023;183,6;0;0;
4164;0;0;0;0;0;0;1023;183,6;0;0;
4170;0;0;0;0;0;0;1023;183,6;0;0;
4174;0;0;0;0;0;0;1023;183,6;0;0;
4178;0;0;0;0;0;0;1023;183,6;0;0;
4183;0;0;0;0;0;0;1023;183,6;0;0;
4188;0;0;0;0;0;0;1023;183,6;0;0;
4192;0;0;0;0;0;0;1023;183,6;0;0;
4204;0;0;0;0;0;0;1023;183,6;0;0;
4209;0;0;0;0;0;0;1023;183,6;0;0;
4213;0;0;0;0;0;0;1023;183,6;0;0;
4218;0;0;0;0;0;0;1023;183,6;0;0;
4223;0;0;0;0;0;0;1023;183,6;0;0;
4228;0;0;0;0;0;0;1023;183,6;0;0;
4233;0;0;0;0;0;0;1023;183,6;0;0;
4237;0;0;0;0;0;0;1023;183,6;0;0;
4242;0;0;0;0;0;0;1023;183,6;0;0;
4247;0;0;0;0;0;0;1023;183,6;0;0;
4251;0;0;0;0;0;0;1023;183,6;0;0;
4255;0;0;0;0;0;0;1023;183,6;0;0;
4260;0;0;0;0;0;0;1023;183,6;0;0;
4264;0;0;0;0;0;0;1023;183,6;0;0;
4269;0;0;0;0;0;0;1023;183,6;0;0;
4273;0;0;0;0;0;0;1023;183,6;0;0;
4278;0;0;0;0;0;0;1023;183,6;0;0;
4282;0;0;0;0;0;0;1023;183,6;0;0;
4287;0;0;0;0;0;0;1023;183,6;0;0;
4291;0;0;0;0;0;0;1023;183,6;0;0;
4295;0;0;0;0;0;0;1023;183,6;0;0;
4300;0;0;0;0;0;0;1023;183,6;0;0;
4304;0;0;0;0;0;0;1023;183,6;0;0;
4309;0;0;0;0;0;0;1023;183,6;0;0;
4313;0;0;0;0;0;0;1023;183,6;0;0;
4317;0;0;0;0;0;0;1023;183,6;0;0;
4322;0;0;0;0;0;0;1023;183,6;0;0;
4326;0;0;0;0;0;0;1023;183,6;0;0;
4331;0;0;0;0;0;0;1023;183,6;0;0;
4336;0;0;0;0;0;0;1023;183,6;0;0;
4340;0;0;0;0;0;0;1023;183,6;0;0;
4345;0;0;0;0;0;0;1023;183,6;0;0;
4357;0;0;0;0;0;0;1023;183,6;0;0;
4362;0;0;0;0;0;0;1023;183,6;0;0;
4366;0;0;0;0;0;0;1023;183,6;0;0;
4371;0;0;0;0;0;0;1023;183,6;0;0;
4375;0;0;0;0;0;0;1023;183,6;0;0;
4379;0;0;0;0;0;0;1023;183,6;0;0;
4384;0;0;0;0;0;0;1023;183,6;0;0;
4388;0;0;0;0;0;0;1023;183,6;0;0;
4392;0;0;0;0;0;0;1023;183,6;0;0;
4396;0;0;0;0;0;0;1023;183,6;0;0;
4401;0;0;0;0;0;0;1023;183,6;0;0;
4405;0;0;0;0;0;0;1023;183,6;0;0;
4410;0;0;0;0;0;0;1023;183,6;0;0;
4414;0;0;0;0;0;0;1023;183,6;0;0;
4419;0;0;0;0;0;0;1023;183,6;0;0;
4423;0;0;0;0;0;0;1023;183,6;0;0;
4428;0;0;0;0;0;0;1023;183,6;0;0;
4433;0;0;0;0;0;0;1023;183,6;0;0;
4437;0;0;0;0;0;0;1023;183,6;0;0;
4441;0;0;0;0;0;0;1023;183,6;0;0;
4445;0;0;0;0;0;0;1023;183,6;0;0;
4453;0;0;0;0;0;0;1023;183,6;0;0;
4457;0;0;0;0;0;0;1023;183,6;0;0;
4462;0;0;0;0;0;0;1023;183,6;0;0;
4466;0;0;0;0;0;0;1023;183,6;0;0;
4471;0;0;0;0;0;0;1023;183,6;0;0;
4475;0;0;0;0;0;0;1023;183,6;0;0;
4480;0;0;0;0;0;0;1023;183,6;0;0;
4484;0;0;0;0;0;0;1023;183,6;0;0;
4489;0;0;0;0;0;0;1023;183,6;0;0;
4493;0;0;0;0;0;0;1023;183,6;0;0;
4497;0;0;0;0;0;0;1023;183,6;0;0;
4510;0;0;0;0;0;0;1023;183,6;0;0;
4515;0;0;0;0;0;0;1023;183,6;0;0;
4519;0;0;0;0;0;0;1023;183,6;0;0;
4524;0;0;0;0;0;0;1023;183,6;0;0;
4528;0;0;0;0;0;0;1023;183,6;0;0;
4533;0;0;0;0;0;0;1023;183,6;0;0;
4537;0;0;0;0;0;0;1023;183,6;0;0;
4542;0;0;0;0;0;0;1023;183,6;0;0;
4546;0;0;0;0;0;0;1023;183,6;0;0;
4551;0;0;0;0;0;0;1023;183,6;0;0;
4555;0;0;0;0;0;0;1023;183,6;0;0;
4559;0;0;0;0;0;0;1023;183,6;0;0;
4564;0;0;0;0;0;0;1023;183,6;0;0;
4569;0;0;0;0;0;0;1023;183,6;0;0;
4573;0;0;0;0;0;0;1023;183,6;0;0;
4579;0;0;0;0;0;0;1023;183,6;0;0;
4584;0;0;0;0;0;0;1023;183,6;0;0;
4588;0;0;0;0;0;0;1023;183,6;0;0;
4592;0;0;0;0;0;0;1023;183,6;0;0;
4597;0;0;0;0;0;0;1023;183,6;0;0;
4602;0;0;0;0;0;0;1023;183,6;0;0;
4606;0;0;0;0;0;0;1023;183,6;0;0;
4611;0;0;0;0;0;0;1023;183,6;0;0;
4615;0;0;0;0;0;0;1023;183,6;0;0;
4619;0;0;0;0;0;0;1023;183,6;0;0;
4624;0;0;0;0;0;0;1023;183,6;0;0;
4628;0;0;0;0;0;0;1023;183,6;0;0;
4634;0;0;0;0;0;0;1023;183,6;0;0;
4638;0;0;0;0;0;0;1023;183,6;0;0;
4643;0;0;0;0;0;0;1023;183,6;0;0;
4647;0;0;0;0;0;0;1023;183,6;0;0;
4652;0;0;0;0;0;0;1023;183,6;0;0;
4663;0;0;0;0;0;0;1023;183,6;0;0;
4668;0;0;0;0;0;0;1023;183,6;0;0;
4673;0;0;0;0;0;0;1023;183,6;0;0;
4678;0;0;0;0;0;0;1023;183,6;0;0;
4682;0;0;0;0;0;0;1023;183,6;0;0;
4687;0;0;0;0;0;0;1023;183,6;0;0;
4691;0;0;0;0;0;0;1023;183,6;0;0;
4695;0;0;0;0;0;0;1023;183,6;0;0;
4699;0;0;0;0;0;0;1023;183,6;0;0;
4704;0;0;0;0;0;0;1023;183,6;0;0;
4714;0;0;0;0;0;0;1023;183,6;0;0;
4718;0;0;0;0;0;0;1023;183,6;0;0;
4723;0;0;0;0;0;0;1023;183,6;0;0;
4727;0;0;0;0;0;0;1023;183,6;0;0;
4732;0;0;0;0;0;0;1023;183,6;0;0;
4736;0;0;0;0;0;0;1023;183,6;0;0;
4741;0;0;0;0;0;0;1023;183,6;0;0;
4745;0;0;0;0;0;0;1023;183,6;0;0;
4750;0;0;0;0;0;0;1023;183,6;0;0;
4754;0;0;0;0;0;0;1023;183,6;0;0;
4758;0;0;0;0;0;0;1023;183,6;0;0;
4763;0;0;0;0;0;0;1023;183,6;0;0;
4768;0;0;0;0;0;0;1023;183,6;0;0;
4772;0;0;0;0;0;0;1023;183,6;0;0;
4776;0;0;0;0;0;0;1023;183,6;0;0;
4781;0;0;0;0;0;0;1023;183,6;0;0;
4785;0;0;0;0;0;0;1023;183,6;0;0;
4790;0;0;0;0;0;0;1023;183,6;0;0;
4794;0;0;0;0;0;0;1023;183,6;0;0;
4799;0;0;0;0;0;0;1023;183,6;0;0;
4803;0;0;0;0;0;0;1023;183,6;0;0;
4815;0;0;0;0;0;0;1023;183,6;0;0;
4820;0;0;0;0;0;0;1023;183,6;0;0;
4826;0;0;0;0;0;0;1023;183,6;0;0;
4832;0;0;0;0;0;0;1023;183,6;0;0;
4837;0;0;0;0;0;0;1023;183,6;0;0;
4843;0;0;0;0;0;0;1023;183,6;0;0;
4849;0;0;0;0;0;0;1023;183,6;0;0;
4854;0;0;0;0;0;0;1023;183,6;0;0;
4860;0;0;0;0;0;0;1023;183,6;0;0;
4866;0;0;0;0;0;0;1023;183,6;0;0;
4872;0;0;0;0;0;0;1023;183,6;0;0;
4878;0;0;0;0;0;0;1023;183,6;0;0;
4884;0;0;0;0;0;0;1023;183,6;0;0;
4889;0;0;0;0;0;0;1023;183,6;0;0;
4894;0;0;0;0;0;0;1023;183,6;0;0;
4900;0;0;0;0;0;0;1023;183,6;0;0;
4906;0;0;0;0;0;0;1023;183,6;0;0;
4912;0;0;0;0;0;0;1023;183,6;0;0;
4918;0;0;0;0;0;0;1023;183,6;0;0;
4924;0;0;0;0;0;0;1023;183,6;0;0;
4930;0;0;0;0;0;0;1023;183,6;0;0;
4935;0;0;0;0;0;0;1023;183,6;0;0;
4941;0;0;0;0;0;0;1023;183,6;0;0;
4947;0;0;0;0;0;0;1023;183,6;0;0;
4951;0;0;0;0;0;0;1023;183,6;0;0;
4956;0;0;0;0;0;0;1023;183,6;0;0;
4970;0;0;0;0;0;0;1023;183,6;0;0;
4976;0;0;0;0;0;0;1023;183,6;0;0;
4981;0;0;0;0;0;0;1023;183,6;0;0;
4985;0;0;0;0;0;0;1023;183,6;0;0;
4989;0;0;0;0;0;0;1023;183,6;0;0;
4994;0;0;0;0;0;0;1023;183,6;0;0;
4998;0;0;0;0;0;0;1023;183,6;0;0;
5003;0;0;0;0;0;0;1023;183,6;0;0;
5008;0;0;0;0;0;0;1023;183,6;0;0;
5012;0;0;0;0;0;0;1023;183,6;0;0;
5017;0;0;0;0;0;0;1023;183,6;0;0;
5021;0;0;0;0;0;0;1023;183,6;0;0;
5026;0;0;0;0;0;0;1023;183,6;0;0;
5030;0;0;0;0;0;0;1023;183,6;0;0;
5034;0;0;0;0;0;0;1023;183,6;0;0;
5039;0;0;0;0;0;0;1023;183,6;0;0;
5045;0;0;0;0;0;0;1023;183,6;0;0;
5050;0;0;0;0;0;0;1023;183,6;0;0;
5054;0;0;0;0;0;0;1023;183,6;0;0;
5059;0;0;0;0;0;0;1023;183,6;0;0;
5064;0;0;0;0;0;0;1023;183,6;0;0;
5069;0;0;0;0;0;0;1023;183,6;0;0;
5073;0;0;0;0;0;0;1023;183,6;0;0;
5077;0;0;0;0;0;0;1023;183,6;0;0;
5082;0;0;0;0;0;0;1023;183,6;0;0;
5088;0;0;0;0;0;0;1023;183,6;0;0;
5094;0;0;0;0;0;0;1023;183,6;0;0;
5098;0;0;0;0;0;0;1023;183,6;0;0;
5103;0;0;0;0;0;0;1023;183,6;0;0;
5109;0;0;0;0;0;0;1023;183,6;0;0;
5122;0;0;0;0;0;0;1023;183,6;0;0;
5129;0;0;0;0;0;0;1023;183,6;0;0;
5135;0;0;0;0;0;0;1023;183,6;0;0;
5141;0;0;0;0;0;0;1023;183,6;0;0;
5147;0;0;0;0;0;0;1023;183,6;0;0;
5152;0;0;0;0;0;0;1023;183,6;0;0;
5158;0;0;0;0;0;0;1023;183,6;0;0;
5164;0;0;0;0;0;0;1023;183,6;0;0;
5169;0;0;0;0;0;0;1023;183,6;0;0;
5173;0;0;0;0;0;0;1023;183,6;0;0;
5177;0;0;0;0;0;0;1023;183,6;0;0;
5183;0;0;0;0;0;0;1023;183,6;0;0;
5188;0;0;0;0;0;0;1023;183,6;0;0;
5192;0;0;0;0;0;0;1023;183,6;0;0;
5197;0;0;0;0;0;0;1023;183,6;0;0;
5201;0;0;0;0;0;0;1023;183,6;0;0;
5206;0;0;0;0;0;0;1023;183,6;0;0;
5210;0;0;0;0;0;0;1023;183,6;0;0;
5214;0;0;0;0;0;0;1023;183,6;0;0;
5219;0;0;0;0;0;0;1023;183,6;0;0;
5223;0;0;0;0;0;0;1023;183,6;0;0;
5228;0;0;0;0;0;0;1023;183,6;0;0;
5232;0;0;0;0;0;0;1023;183,6;0;0;
5237;0;0;0;0;0;0;1023;183,6;0;0;
5241;0;0;0;0;0;0;1023;183,6;0;0;
5246;0;0;0;0;0;0;1023;183,6;0;0;
5252;0;0;0;0;0;0;1023;183,6;0;0;
5257;0;0;0;0;0;0;1023;183,6;0;0;
5263;0;0;0;0;0;0;1023;183,6;0;0;
5275;0;0;0;0;0;0;1023;183,6;0;0;
5280;0;0;0;0;0;0;1023;183,6;0;0;
5286;0;0;0;0;0;0;1023;183,6;0;0;
5291;0;0;0;0;0;0;1023;183,6;0;0;
5295;0;0;0;0;0;0;1023;183,6;0;0;
5300;0;0;0;0;0;0;1023;183,6;0;0;
5305;0;0;0;0;0;0;1023;183,6;0;0;
5310;0;0;0;0;0;0;1023;183,6;0;0;
5314;0;0;0;0;0;0;1023;183,6;0;0;
5320;0;0;0;0;0;0;1023;183,6;0;0;
5324;0;0;0;0;0;0;1023;183,6;0;0;
5328;0;0;0;0;0;0;1023;183,6;0;0;
5333;0;0;0;0;0;0;1023;183,6;0;0;
5337;0;0;0;0;0;0;1023;183,6;0;0;
5347;0;0;0;0;0;0;1023;183,6;0;0;
5352;0;0;0;0;0;0;1023;183,6;0;0;
5357;0;0;0;0;0;0;1023;183,6;0;0;
5362;0;0;0;0;0;0;1023;183,6;0;0;
5367;0;0;0;0;0;0;1023;183,6;0;0;
5371;0;0;0;0;0;0;1023;183,6;0;0;
5375;0;0;0;0;0;0;1023;183,6;0;0;
5381;0;0;0;0;0;0;1023;183,6;0;0;
5385;0;0;0;0;0;0;1023;183,6;0;0;
5390;0;0;0;0;0;0;1023;183,6;0;0;
5395;0;0;0;0;0;0;1023;183,6;0;0;
5400;0;0;0;0;0;0;1023;183,6;0;0;
5404;0;0;0;0;0;0;1023;183,6;0;0;
5409;0;0;0;0;0;0;1023;183,6;0;0;
5414;0;0;0;0;0;0;1023;183,6;0;0;
5427;0;0;0;0;0;0;1023;183,6;0;0;
5432;0;0;0;0;0;0;1023;183,6;0;0;
5437;0;0;0;0;0;0;1023;183,6;0;0;
5441;0;0;0;0;0;0;1023;183,6;0;0;
5446;0;0;0;0;0;0;1023;183,6;0;0;
5450;0;0;0;0;0;0;1023;183,6;0;0;
5455;0;0;0;0;0;0;1023;183,6;0;0;
5460;0;0;0;0;0;0;1023;183,6;0;0;
5464;0;0;0;0;0;0;1023;183,6;0;0;
5468;0;0;0;0;0;0;1023;183,6;0;0;
5472;0;0;0;0;0;0;1023;183,6;0;0;
5477;0;0;0;0;0;0;1023;183,6;0;0;
5481;0;0;0;0;0;0;1023;183,6;0;0;
5486;0;0;0;0;0;0;1023;183,6;0;0;
5491;0;0;0;0;0;0;1023;183,6;0;0;
5496;0;0;0;0;0;0;1023;183,6;0;0;
5500;0;0;0;0;0;0;1023;183,6;0;0;
5504;0;0;0;0;0;0;1023;183,6;0;0;
5508;0;0;0;0;0;0;1023;183,6;0;0;
5512;0;0;0;0;0;0;1023;183,6;0;0;
5517;0;0;0;0;0;0;1023;183,6;0;0;
5522;0;0;0;0;0;0;1023;183,6;0;0;
5527;0;0;0;0;0;0;1023;183,6;0;0;
5531;0;0;0;0;0;0;1023;183,6;0;0;
5535;0;0;0;0;0;0;1023;183,6;0;0;
5540;0;0;0;0;0;0;1023;183,6;0;0;
5544;0;0;0;0;0;0;1023;183,6;0;0;
5549;0;0;0;0;0;0;1023;183,6;0;0;
5553;0;0;0;0;0;0;1023;183,6;0;0;
5557;0;0;0;0;0;0;1023;183,6;0;0;
5561;0;0;0;0;0;0;1023;183,6;0;0;
5566;0;0;0;0;0;0;1023;183,6;0;0;
5578;0;0;0;0;0;0;1023;183,6;0;0;
5583;0;0;0;0;0;0;1023;183,6;0;0;
5588;0;0;0;0;0;0;1023;183,6;0;0;
5594;0;0;0;0;0;0;1023;183,6;0;0;
5598;0;0;0;0;0;0;1023;183,6;0;0;
5603;0;0;0;0;0;0;1023;183,6;0;0;
5607;0;0;0;0;0;0;1023;183,6;0;0;
5612;0;0;0;0;0;0;1023;183,6;0;0;
5616;0;0;0;0;0;0;1023;183,6;0;0;
5621;0;0;0;0;0;0;1023;183,6;0;0;
5625;0;0;0;0;0;0;1023;183,6;0;0;
5629;0;0;0;0;0;0;1023;183,6;0;0;
5634;0;0;0;0;0;0;1023;183,6;0;0;
5638;0;0;0;0;0;0;1023;183,6;0;0;
5642;0;0;0;0;0;0;1023;183,6;0;0;
5647;0;0;0;0;0;0;1023;183,6;0;0;
5651;0;0;0;0;0;0;1023;183,6;0;0;
5656;0;0;0;0;0;0;1023;183,6;0;0;
5660;0;0;0;0;0;0;1023;183,6;0;0;
5665;0;0;0;0;0;0;1023;183,6;0;0;
5669;0;0;0;0;0;0;1023;183,6;0;0;
5674;0;0;0;0;0;0;1023;183,6;0;0;
5678;0;0;0;0;0;0;1023;183,6;0;0;
5682;0;0;0;0;0;0;1023;183,6;0;0;
5687;0;0;0;0;0;0;1023;183,6;0;0;
5692;0;0;0;0;0;0;1023;183,6;0;0;
5696;0;0;0;0;0;0;1023;183,6;0;0;
5701;0;0;0;0;0;0;1023;183,6;0;0;
5705;0;0;0;0;0;0;1023;183,6;0;0;
5710;0;0;0;0;0;0;1023;183,6;0;0;
5714;0;0;0;0;0;0;1023;183,6;0;0;
5718;0;0;0;0;0;0;1023;183,6;0;0;
5730;0;0;0;0;0;0;1023;183,6;0;0;
5735;0;0;0;0;0;0;1023;183,6;0;0;
5740;0;0;0;0;0;0;1023;183,6;0;0;
5744;0;0;0;0;0;0;1023;183,6;0;0;
5749;0;0;0;0;0;0;1023;183,6;0;0;
5753;0;0;0;0;0;0;1023;183,6;0;0;
5757;0;0;0;0;0;0;1023;183,6;0;0;
5761;0;0;0;0;0;0;1023;183,6;0;0;
5766;0;0;0;0;0;0;1023;183,6;0;0;
5770;0;0;0;0;0;0;1023;183,6;0;0;
5775;0;0;0;0;0;0;1023;183,6;0;0;
5779;0;0;0;0;0;0;1023;183,6;0;0;
5784;0;0;0;0;0;0;1023;183,6;0;0;
5788;0;0;0;0;0;0;1023;183,6;0;0;
5792;0;0;0;0;0;0;1023;183,6;0;0;
5797;0;0;0;0;0;0;1023;183,6;0;0;
5801;0;0;0;0;0;0;1023;183,6;0;0;
5806;0;0;0;0;0;0;1023;183,6;0;0;
5810;0;0;0;0;0;0;1023;183,6;0;0;
5815;0;0;0;0;0;0;1023;183,6;0;0;
5819;0;0;0;0;0;0;1023;183,6;0;0;
5824;0;0;0;0;0;0;1023;183,6;0;0;
5828;0;0;0;0;0;0;1023;183,6;0;0;
5833;0;0;0;0;0;0;1023;183,6;0;0;
5837;0;0;0;0;0;0;1023;183,6;0;0;
5842;0;0;0;0;0;0;1023;183,6;0;0;
5846;0;0;0;0;0;0;1023;183,6;0;0;
5851;0;0;0;0;0;0;1023;183,6;0;0;
5855;0;0;0;0;0;0;1023;183,6;0;0;
5859;0;0;0;0;0;0;1023;183,6;0;0;
5864;0;0;0;0;0;0;1023;183,6;0;0;
5869;0;0;0;0;0;0;1023;183,6;0;0;
5881;0;0;0;0;0;0;1023;183,6;0;0;
5886;0;0;0;0;0;0;1023;183,6;0;0;
5891;0;0;0;0;0;0;1023;183,6;0;0;
5895;0;0;0;0;0;0;1023;183,6;0;0;
5900;0;0;0;0;0;0;1023;183,6;0;0;
5904;0;0;0;0;0;0;1023;183,6;0;0;
5909;0;0;0;0;0;0;1023;183,6;0;0;
5913;0;0;0;0;0;0;1023;183,6;0;0;
5917;0;0;0;0;0;0;1023;183,6;0;0;
5922;0;0;0;0;0;0;1023;183,6;0;0;
5926;0;0;0;0;0;0;1023;183,6;0;0;
5931;0;0;0;0;0;0;1023;183,6;0;0;
5935;0;0;0;0;0;0;1023;183,6;0;0;
5940;0;0;0;0;0;0;1023;183,6;0;0;
5945;0;0;0;0;0;0;1023;183,6;0;0;
5949;0;0;0;0;0;0;1023;183,6;0;0;
5953;0;0;0;0;0;0;1023;183,6;0;0;
5957;0;0;0;0;0;0;1023;183,6;0;0;
5962;0;0;0;0;0;0;1023;183,6;0;0;
5967;0;0;0;0;0;0;1023;183,6;0;0;
5971;0;0;0;0;0;0;1023;183,6;0;0;
5976;0;0;0;0;0;0;1023;183,6;0;0;
5980;0;0;0;0;0;0;1023;183,6;0;0;
5985;0;0;0;0;0;0;1023;183,6;0;0;
5990;0;0;0;0;0;0;1023;183,6;0;0;
5995;0;0;0;0;0;0;1023;183,6;0;0;
5999;0;0;0;0;0;0;1023;183,6;0;0;
6004;0;0;0;0;0;0;1023;183,6;0;0;
6012;0;0;0;0;0;0;1023;183,6;0;0;
6018;0;0;0;0;0;0;1023;183,6;0;0;
6022;0;0;0;0;0;0;1023;183,6;0;0;
6034;0;0;0;0;0;0;1023;183,6;0;0;
6039;0;0;0;0;0;0;1023;183,6;0;0;
6044;0;0;0;0;0;0;1023;183,6;0;0;
6048;0;0;0;0;0;0;1023;183,6;0;0;
6053;0;0;0;0;0;0;1023;183,6;0;0;
6058;0;0;0;0;0;0;1023;183,6;0;0;
6062;0;0;0;0;0;0;1023;183,6;0;0;
6066;0;0;0;0;0;0;1023;183,6;0;0;
6071;0;0;0;0;0;0;1023;183,6;0;0;
6075;0;0;0;0;0;0;1023;183,6;0;0;
6080;0;0;0;0;0;0;1023;183,6;0;0;
6085;0;0;0;0;0;0;1023;183,6;0;0;
6089;0;0;0;0;0;0;1023;183,6;0;0;
6093;0;0;0;0;0;0;1023;183,6;0;0;
6098;0;0;0;0;0;0;1023;183,6;0;0;
6102;0;0;0;0;0;0;1023;183,6;0;0;
6107;0;0;0;0;0;0;1023;183,6;0;0;
6111;0;0;0;0;0;0;1023;183,6;0;0;
6116;0;0;0;0;0;0;1023;183,6;0;0;
6120;0;0;0;0;0;0;1023;183,6;0;0;
6124;0;0;0;0;0;0;1023;183,6;0;0;
6129;0;0;0;0;0;0;1023;183,6;0;0;
6133;0;0;0;0;0;0;1023;183,6;0;0;
6138;0;0;0;0;0;0;1023;183,6;0;0;
6142;0;0;0;0;0;0;1023;183,6;0;0;
6147;0;0;0;0;0;0;1023;183,6;0;0;
6151;0;0;0;0;0;0;1023;183,6;0;0;
6156;0;0;0;0;0;0;1023;183,6;0;0;
6161;0;0;0;0;0;0;1023;183,6;1;0;
6165;0;0;0;0;0;0;1023;183,6;1;0;
6170;0;0;0;0;0;0;1023;183,6;1;0;
6174;0;0;0;0;0;0;1023;183,6;1;0;
6186;0;0;0;0;0;0;1023;183,6;1;0;
6191;0;0;0;0;0;0;1023;183,6;1;0;
6196;0;0;0;0;0;0;1023;183,6;1;0;
6200;0;0;0;0;0;0;1023;183,6;1;0;
6205;0;0;0;0;0;0;1023;183,6;1;0;
6209;0;0;0;0;0;0;1023;183,6;1;0;
6214;0;0;0;0;0;0;1023;183,6;1;0;
6218;0;0;0;0;0;0;1023;183,6;1;0;
6223;0;0;0;0;0;0;1023;183,6;1;0;
6227;0;0;0;0;0;0;1023;183,6;1;0;
6232;0;0;0;0;0;0;1023;183,6;1;0;
6236;0;0;0;0;0;0;1023;183,6;1;0;
6241;0;0;0;0;0;0;1023;183,6;1;0;
6246;0;0;0;0;0;0;1023;183,6;1;0;
6250;0;0;0;0;0;0;1023;183,6;1;0;
6255;0;0;0;0;0;0;1023;183,6;1;0;
6259;0;0;0;0;0;0;1023;183,6;1;0;
6264;0;0;0;0;0;0;1023;183,6;1;0;
6268;0;0;0;0;0;0;1023;183,6;1;0;
6272;0;0;0;0;0;0;1023;183,6;1;0;
6277;0;0;0;0;0;0;1023;183,6;1;0;
6283;0;0;0;0;0;0;1023;183,6;1;0;
6289;0;0;0;0;0;0;1023;183,6;1;0;
6294;0;0;0;0;0;0;1023;183,6;1;0;
6300;0;0;0;0;0;0;1023;183,6;1;0;
6305;0;0;0;0;0;0;1023;183,6;1;0;
6312;0;0;0;0;0;0;1023;183,6;1;0;
6317;0;0;0;0;0;0;1023;183,6;1;0;
6323;0;0;0;0;0;0;1023;183,6;1;0;
6329;0;0;0;0;0;0;1023;183,6;1;0;
6348;0;0;0;0;0;0;1023;183,6;1;0;
6354;0;0;0;0;0;0;1023;183,6;1;0;
6360;0;0;0;0;0;0;1023;183,6;1;0;
6366;0;0;0;0;0;0;1023;183,6;1;0;
6371;0;0;0;0;0;0;1023;183,6;1;0;
6377;0;0;0;0;0;0;1023;183,6;1;0;
6383;0;0;0;0;0;0;1023;183,6;1;0;
6388;0;0;0;0;0;0;1023;183,6;1;0;
6394;0;0;0;0;0;0;1023;183,6;1;0;
6400;0;0;0;0;0;0;1023;183,6;1;0;
6405;0;0;0;0;0;0;1023;183,6;1;0;
6411;0;0;0;0;0;0;1023;183,6;1;0;
6417;0;0;0;0;0;0;1023;183,6;1;0;
6422;0;0;0;0;0;0;1023;183,6;1;0;
6428;0;0;0;0;0;0;1023;183,6;1;0;
6434;0;0;0;0;0;0;1023;183,6;1;0;
6439;0;0;0;0;0;0;1023;183,6;1;0;
6445;0;0;0;0;0;0;1023;183,6;1;0;
6449;0;0;0;0;0;0;1023;183,6;1;0;
6455;0;0;0;0;0;0;1023;183,6;1;0;
6460;0;0;0;0;0;0;1023;183,6;1;0;
6466;0;0;0;0;0;0;1023;183,6;1;0;
6471;0;0;0;0;0;0;1023;183,6;1;0;
6476;0;0;0;0;0;0;1023;183,6;1;0;
6482;0;0;0;0;0;0;1023;183,6;1;0;
6495;0;0;0;0;0;0;1023;183,6;1;0;
6500;0;0;0;0;0;0;1023;183,6;1;0;
6505;0;0;0;0;0;0;1023;183,6;1;0;
6510;0;0;0;0;0;0;1023;183,6;1;0;
6515;0;0;0;0;0;0;1023;183,6;1;0;
6520;0;0;0;0;0;0;1023;183,6;0;0;
6524;0;0;0;0;0;0;1023;183,6;0;0;
6530;0;0;0;0;0;0;1023;183,6;0;0;
6536;0;0;0;0;0;0;1023;183,6;0;0;
6540;0;0;0;0;0;0;1023;183,6;0;0;
6545;0;0;0;0;0;0;1023;183,6;0;0;
6552;0;0;0;0;0;0;1023;183,6;0;0;
6557;0;0;0;0;0;0;1023;183,6;0;0;
6564;0;0;0;0;0;0;1023;183,6;0;0;
6569;0;0;0;0;0;0;1023;183,6;0;0;
6577;0;0;0;0;0;0;1023;183,6;0;0;
6585;0;0;0;0;0;0;1023;183,6;0;0;
6592;0;0;0;0;0;0;1023;183,6;0;0;
6597;0;0;0;0;0;0;1023;183,6;0;0;
6602;0;0;0;0;0;0;1023;183,6;0;0;
6608;0;0;0;0;0;0;1023;183,6;0;0;
6614;0;0;0;0;0;0;1023;183,6;0;0;
6619;0;0;0;0;0;0;1023;183,6;0;0;
6625;0;0;0;0;0;0;1023;183,6;0;0;
6631;0;0;0;0;0;0;1023;183,6;0;0;
6637;0;0;0;0;0;0;1023;183,6;0;0;
6653;0;0;0;0;0;0;1023;183,6;0;0;
6666;0;0;0;0;0;0;1023;183,6;0;0;
6672;0;0;0;0;0;0;1023;183,6;0;0;
6678;0;0;0;0;0;0;1023;183,6;0;0;
6684;0;0;0;0;0;0;1023;183,6;0;0;
6690;0;0;0;0;0;0;1023;183,6;0;0;
6695;0;0;0;0;0;0;1023;183,6;0;0;
6701;0;0;0;0;0;0;1023;183,6;0;0;
6707;0;0;0;0;0;0;1023;183,6;0;0;
6713;0;0;0;0;0;0;1023;183,6;0;0;
6719;0;0;0;0;0;0;1023;183,6;0;0;
6723;0;0;0;0;0;0;1023;183,6;0;0;
6729;0;0;0;0;0;0;1023;183,6;0;0;
6735;0;0;0;0;0;0;1023;183,6;0;0;
6741;0;0;0;0;0;0;1023;183,6;0;0;
6747;0;0;0;0;0;0;1023;183,6;0;0;
6752;0;0;0;0;0;0;1023;183,6;0;0;
6758;0;0;0;0;0;0;1023;183,6;0;0;
6764;0;0;0;0;0;0;1023;183,6;0;0;
6769;0;0;0;0;0;0;1023;183,6;0;0;
6775;0;0;0;0;0;0;1023;183,6;0;0;
6781;0;0;0;0;0;0;1023;183,6;0;0;
6787;0;0;0;0;0;0;1023;183,6;0;0;
6801;0;0;0;0;0;0;1023;183,6;0;0;
6806;0;0;0;0;0;0;1023;183,6;0;0;
6813;0;0;0;0;0;0;1023;183,6;0;0;
6818;0;0;0;0;0;0;1023;183,6;0;0;
6823;0;0;0;0;0;0;1023;183,6;0;0;
6828;0;0;0;0;0;0;1023;183,6;0;0;
6833;0;0;0;0;0;0;1023;183,6;0;0;
6838;0;0;0;0;0;0;1023;183,6;0;0;
6844;0;0;0;0;0;0;1023;183,6;0;0;
6849;0;0;0;0;0;0;1023;183,6;0;0;
6853;0;0;0;0;0;0;1023;183,6;0;0;
6857;0;0;0;0;0;0;1023;183,6;0;0;
6862;0;0;0;0;0;0;1023;183,6;0;0;
6866;0;0;0;0;0;0;1023;183,6;0;0;
6871;0;0;0;0;0;0;1023;183,6;0;0;
6875;0;0;0;0;0;0;1023;183,6;0;0;
6880;0;0;0;0;0;0;1023;183,6;0;0;
6884;0;0;0;0;0;0;1023;183,6;0;0;
6889;0;0;0;0;0;0;1023;183,6;0;0;
6893;0;0;0;0;0;0;1023;183,6;0;0;
6897;0;0;0;0;0;0;1023;183,6;0;0;
6902;0;0;0;0;0;0;1023;183,6;0;0;
6906;0;0;0;0;0;0;1023;183,6;0;0;
6910;0;0;0;0;0;0;1023;183,6;0;0;
6915;0;0;0;0;0;0;1023;183,6;0;0;
6919;0;0;0;0;0;0;1023;183,6;0;0;
6923;0;0;0;0;0;0;1023;183,6;0;0;
6928;0;0;0;0;0;0;1023;183,6;0;0;
6933;0;0;0;0;0;0;1023;183,6;0;0;
6937;0;0;0;0;0;0;1023;183,6;0;0;
6949;0;0;0;0;0;0;1023;183,6;0;0;
6954;0;0;0;0;0;0;1023;183,6;0;0;
6958;0;0;0;0;0;0;1023;183,6;0;0;
6963;0;0;0;0;0;0;1023;183,6;0;0;
6968;0;0;0;0;0;0;1023;183,6;0;0;
6972;0;0;0;0;0;0;1023;183,6;0;0;
6976;0;0;0;0;0;0;1023;183,6;0;0;
6980;0;0;0;0;0;0;1023;183,6;0;0;
6985;0;0;0;0;0;0;1023;183,6;0;0;
6989;0;0;0;0;0;0;1023;183,6;0;0;
6994;0;0;0;0;0;0;1023;183,6;0;0;
6998;0;0;0;0;0;0;1023;183,6;0;0;
7002;0;0;0;0;0;0;1023;183,6;0;0;
7007;0;0;0;0;0;0;1023;183,6;0;0;
7011;0;0;0;0;0;0;1023;183,6;0;0;
7015;0;0;0;0;0;0;1023;183,6;0;0;
7020;0;0;0;0;0;0;1023;183,6;0;0;
7024;0;0;0;0;0;0;1023;183,6;0;0;
7029;0;0;0;0;0;0;1023;183,6;0;0;
7033;0;0;0;0;0;0;1023;183,6;0;0;
7037;0;0;0;0;0;0;1023;183,6;0;0;
7042;0;0;0;0;0;0;1023;183,6;0;0;
7046;0;0;0;0;0;0;1023;183,6;0;0;
7051;0;0;0;0;0;0;1023;183,6;0;0;
7056;0;0;0;0;0;0;1023;183,6;0;0;
7060;0;0;0;0;0;0;1023;183,6;0;0;
7065;0;0;0;0;0;0;1023;183,6;0;0;
7069;0;0;0;0;0;0;1023;183,6;0;0;
7074;0;0;0;0;0;0;1023;183,6;0;0;
7078;0;0;0;0;0;0;1023;183,6;0;0;
7083;0;0;0;0;0;0;1023;183,6;0;0;
7087;0;0;0;0;0;0;1023;183,6;0;0;
7099;0;0;0;0;0;0;1023;183,6;0;0;
7104;0;0;0;0;0;0;1023;183,6;0;0;
7109;0;0;0;0;0;0;1023;183,6;0;0;
7113;0;0;0;0;0;0;1023;183,6;0;0;
7118;0;0;0;0;0;0;1023;183,6;0;0;
7122;0;0;0;0;0;0;1023;183,6;0;0;
7127;0;0;0;0;0;0;1023;183,6;0;0;
7132;0;0;0;0;0;0;1023;183,6;0;0;
7136;0;0;0;0;0;0;1023;183,6;0;0;
7140;0;0;0;0;0;0;1023;183,6;0;0;
7145;0;0;0;0;0;0;1023;183,6;0;0;
7149;0;0;0;0;0;0;1023;183,6;0;0;
7154;0;0;0;0;0;0;1023;183,6;0;0;
7158;0;0;0;0;0;0;1023;183,6;0;0;
7162;0;0;0;0;0;0;1023;183,6;0;0;
7167;0;0;0;0;0;0;1023;183,6;0;0;
7171;0;0;0;0;0;0;1023;183,6;0;0;
7175;0;0;0;0;0;0;1023;183,6;0;0;
7180;0;0;0;0;0;0;1023;183,6;0;0;
7184;0;0;0;0;0;0;1023;183,6;0;0;
7189;0;0;0;0;0;0;1023;183,6;0;0;
7193;0;0;0;0;0;0;1023;183,6;0;0;
7197;0;0;0;0;0;0;1023;183,6;0;0;
7202;0;0;0;0;0;0;1023;183,6;0;0;
7206;0;0;0;0;0;0;1023;183,6;0;0;
7211;0;0;0;0;0;0;1023;183,6;0;0;
7215;0;0;0;0;0;0;1023;183,6;0;0;
7218;0;0;0;0;0;0;1023;183,6;0;0;
7224;0;0;0;0;0;0;1023;183,6;0;0;
7228;0;0;0;0;0;0;1023;183,6;0;0;
7232;0;0;0;0;0;0;1023;183,6;0;0;
7237;0;0;0;0;0;0;1023;183,6;0;0;
7241;0;0;0;0;0;0;1023;183,6;0;0;
7254;0;0;0;0;0;0;1023;183,6;0;0;
7259;0;0;0;0;0;0;1023;183,6;0;0;
7263;0;0;0;0;0;0;1023;183,6;0;0;
7268;0;0;0;0;0;0;1023;183,6;0;0;
7272;0;0;0;0;0;0;1023;183,6;0;0;
7276;0;0;0;0;0;0;1023;183,6;0;0;
7281;0;0;0;0;0;0;1023;183,6;0;0;
7285;0;0;0;0;0;0;1023;183,6;0;0;
7290;0;0;0;0;0;0;1023;183,6;0;0;
7294;0;0;0;0;0;0;1023;183,6;0;0;
7298;0;0;0;0;0;0;1023;183,6;0;0;
7303;0;0;0;0;0;0;1023;183,6;0;0;
7311;0;0;0;0;0;0;1023;183,6;0;0;
7316;0;0;0;0;0;0;1023;183,6;0;0;
7321;0;0;0;0;0;0;1023;183,6;0;0;
7325;0;0;0;0;0;0;1023;183,6;0;0;
7330;0;0;0;0;0;0;1023;183,6;0;0;
7334;0;0;0;0;0;0;1023;183,6;0;0;
7338;0;0;0;0;0;0;1023;183,6;0;0;
7342;0;0;0;0;0;0;1023;183,6;0;0;
7347;0;0;0;0;0;0;1023;183,6;0;0;
7352;0;0;0;0;0;0;1023;183,6;0;0;
7356;0;0;0;0;0;0;1023;183,6;0;0;
7361;0;0;0;0;0;0;1023;183,6;0;0;
7365;0;0;0;0;0;0;1023;183,6;0;0;
7370;0;0;0;0;0;0;1023;183,6;0;0;
7374;0;0;0;0;0;0;1023;183,6;0;0;
7378;0;0;0;0;0;0;1023;183,6;0;0;
7383;0;0;0;0;0;0;1023;183,6;0;0;
7387;0;0;0;0;0;0;1023;183,6;0;0;
7392;0;0;0;0;0;0;1023;183,6;0;0;
7404;0;0;0;0;0;0;1023;183,6;0;0;
7409;0;0;0;0;0;0;1023;183,6;0;0;
7413;0;0;0;0;0;0;1023;183,6;0;0;
7417;0;0;0;0;0;0;1023;183,6;0;0;
7422;0;0;0;0;0;0;1023;183,6;0;0;
7426;0;0;0;0;0;0;1023;183,6;0;0;
7431;0;0;0;0;0;0;1023;183,6;0;0;
7435;0;0;0;0;0;0;1023;183,6;0;0;
7439;0;0;0;0;0;0;1023;183,6;0;0;
7444;0;0;0;0;0;0;1023;183,6;0;0;
7448;0;0;0;0;0;0;1023;183,6;0;0;
7452;0;0;0;0;0;0;1023;183,6;0;0;
7456;0;0;0;0;0;0;1023;183,6;0;0;
7461;0;0;0;0;0;0;1023;183,6;0;0;
7465;0;0;0;0;0;0;1023;183,6;0;0;
7469;0;0;0;0;0;0;1023;183,6;0;0;
7474;0;0;0;0;0;0;1023;183,6;0;0;
7478;0;0;0;0;0;0;1023;183,6;0;0;
7483;0;0;0;0;0;0;1023;183,6;0;0;
7487;0;0;0;0;0;0;1023;183,6;0;0;
7491;0;0;0;0;0;0;1023;183,6;0;0;
7496;0;0;0;0;0;0;1023;183,6;0;0;
7501;0;0;0;0;0;0;1023;183,6;0;0;
7506;0;0;0;0;0;0;1023;183,6;0;0;
7510;0;0;0;0;0;0;1023;183,6;0;0;
7515;0;0;0;0;0;0;1023;183,6;0;0;
7519;0;0;0;0;0;0;1023;183,6;0;0;
7523;0;0;0;0;0;0;1023;183,6;0;0;
7527;0;0;0;0;0;0;1023;183,6;0;0;
7532;0;0;0;0;0;0;1023;183,6;0;0;
7536;0;0;0;0;0;0;1023;183,6;0;0;
7541;0;0;0;0;0;0;1023;183,6;0;0;
7546;0;0;0;0;0;0;1023;183,6;0;0;
7558;0;0;0;0;0;0;1023;183,6;0;0;
7563;0;0;0;0;0;0;1023;183,6;0;0;
7568;0;0;0;0;0;0;1023;183,6;0;0;
7572;0;0;0;0;0;0;1023;183,6;0;0;
7576;0;0;0;0;0;0;1023;183,6;0;0;
7581;0;0;0;0;0;0;1023;183,6;0;0;
7585;0;0;0;0;0;0;1023;183,6;0;0;
7590;0;0;0;0;0;0;1023;183,6;0;0;
7594;0;0;0;0;0;0;1023;183,6;0;0;
7598;0;0;0;0;0;0;1023;183,6;0;0;
7603;0;0;0;0;0;0;1023;183,6;0;0;
7607;0;0;0;0;0;0;1023;183,6;0;0;
7612;0;0;0;0;0;0;1023;183,6;0;0;
7615;0;0;0;0;0;0;1023;183,6;0;0;
7621;0;0;0;0;0;0;1023;183,6;0;0;
7626;0;0;0;0;0;0;1023;183,6;0;0;
7630;0;0;0;0;0;0;1023;183,6;0;0;
7635;0;0;0;0;0;0;1023;183,6;0;0;
7639;0;0;0;0;0;0;1023;183,6;0;0;
7644;0;0;0;0;0;0;1023;183,6;0;0;
7649;0;0;0;0;0;0;1023;183,6;0;0;
7654;0;0;0;0;0;0;1023;183,6;0;0;
7658;0;0;0;0;0;0;1023;183,6;0;0;
7663;0;0;0;0;0;0;1023;183,6;0;0;
7668;0;0;0;0;0;0;1023;183,6;0;0;
7672;0;0;0;0;0;0;1023;183,6;0;0;
7676;0;0;0;0;0;0;1023;183,6;0;0;
7681;0;0;0;0;0;0;1023;183,6;0;0;
7685;0;0;0;0;0;0;1023;183,6;0;0;
7691;0;0;0;0;0;0;1023;183,6;0;0;
7695;0;0;0;0;0;0;1023;183,6;0;0;
7700;0;0;0;0;0;0;1023;183,6;0;0;
7712;0;0;0;0;0;0;1023;183,6;0;0;
7716;0;0;0;0;0;0;1023;183,6;0;0;
7720;0;0;0;0;0;0;1023;183,6;0;0;
7725;0;0;0;0;0;0;1023;183,6;0;0;
7729;0;0;0;0;0;0;1023;183,6;0;0;
7734;0;0;0;0;0;0;1023;183,6;0;0;
7738;0;0;0;0;0;0;1023;183,6;0;0;
7743;0;0;0;0;0;0;1023;183,6;0;0;
7747;0;0;0;0;0;0;1023;183,6;0;0;
7751;0;0;0;0;0;0;1023;183,6;0;0;
7756;0;0;0;0;0;0;1023;183,6;0;0;
7760;0;0;0;0;0;0;1023;183,6;0;0;
7764;0;0;0;0;0;0;1023;183,6;0;0;
7769;0;0;0;0;0;0;1023;183,6;0;0;
7773;0;0;0;0;0;0;1023;183,6;0;0;
7777;0;0;0;0;0;0;1023;183,6;0;0;
7782;0;0;0;0;0;0;1023;183,6;0;0;
7786;0;0;0;0;0;0;1023;183,6;0;0;
7791;0;0;0;0;0;0;1023;183,6;0;0;
7795;0;0;0;0;0;0;1023;183,6;0;0;
7800;0;0;0;0;0;0;1023;183,6;0;0;
7804;0;0;0;0;0;0;1023;183,6;0;0;
7808;0;0;0;0;0;0;1023;183,6;0;0;
7813;0;0;0;0;0;0;1023;183,6;0;0;
7817;0;0;0;0;0;0;1023;183,6;0;0;
7821;0;0;0;0;0;0;1023;183,6;0;0;
7826;0;0;0;0;0;0;1023;183,6;0;0;
7830;0;0;0;0;0;0;1023;183,6;0;0;
7834;0;0;0;0;0;0;1023;183,6;0;0;
7839;0;0;0;0;0;0;1023;183,6;0;0;
7843;0;0;0;0;0;0;1023;183,6;0;0;
7848;0;0;0;0;0;0;1023;183,6;0;0;
7852;0;0;0;0;0;0;1023;183,6;0;0;
7865;0;0;0;0;0;0;1023;183,6;0;0;
7869;0;0;0;0;0;0;1023;183,6;0;0;
7874;0;0;0;0;0;0;1023;183,6;0;0;
7878;0;0;0;0;0;0;1023;183,6;0;0;
7883;0;0;0;0;0;0;1023;183,6;0;0;
7887;0;0;0;0;0;0;1023;183,6;0;0;
7892;0;0;0;0;0;0;1023;183,6;0;0;
7896;0;0;0;0;0;0;1023;183,6;0;0;
7900;0;0;0;0;0;0;1023;183,6;0;0;
7904;0;0;0;0;0;0;1023;183,6;0;0;
7909;0;0;0;0;0;0;1023;183,6;0;0;
7914;0;0;0;0;0;0;1023;183,6;0;0;
7918;0;0;0;0;0;0;1023;183,6;0;0;
7923;0;0;0;0;0;0;1023;183,6;0;0;
7927;0;0;0;0;0;0;1023;183,6;0;0;
7932;0;0;0;0;0;0;1023;183,6;0;0;
7936;0;0;0;0;0;0;1023;183,6;0;0;
7940;0;0;0;0;0;0;1023;183,6;0;0;
7945;0;0;0;0;0;0;1023;183,6;0;0;
7949;0;0;0;0;0;0;1023;183,6;0;0;
7953;0;0;0;0;0;0;1023;183,6;0;0;
7958;0;0;0;0;0;0;1023;183,6;0;0;
7963;0;0;0;0;0;0;1023;183,6;0;0;
7967;0;0;0;0;0;0;1023;183,6;0;0;
7976;0;0;0;0;0;0;1023;183,6;0;0;
7981;0;0;0;0;0;0;1023;183,6;0;0;
7985;0;0;0;0;0;0;1023;183,6;0;0;
7990;0;0;0;0;0;0;1023;183,6;0;0;
7994;0;0;0;0;0;0;1023;183,6;0;0;
7999;0;0;0;0;0;0;1023;183,6;0;0;
8004;0;0;0;0;0;0;1023;183,6;0;0;
8016;0;0;0;0;0;0;1023;183,6;0;0;
8022;0;0;0;0;0;0;1023;183,6;0;0;
8026;0;0;0;0;0;0;1023;183,6;0;0;
8030;0;0;0;0;0;0;1023;183,6;0;0;
8034;0;0;0;0;0;0;1023;183,6;0;0;
8039;0;0;0;0;0;0;1023;183,6;0;0;
8043;0;0;0;0;0;0;1023;183,6;0;0;
8048;0;0;0;0;0;0;1023;183,6;0;0;
8053;0;0;0;0;0;0;1023;183,6;0;0;
8057;0;0;0;0;0;0;1023;183,6;0;0;
8062;0;0;0;0;0;0;1023;183,6;0;0;
8066;0;0;0;0;0;0;1023;183,6;0;0;
8071;0;0;0;0;0;0;1023;183,6;0;0;
8074;0;0;0;0;0;0;1023;183,6;0;0;
8080;0;0;0;0;0;0;1023;183,6;0;0;
8085;0;0;0;0;0;0;1023;183,6;0;0;
8089;0;0;0;0;0;0;1023;183,6;0;0;
8093;0;0;0;0;0;0;1023;183,6;0;0;
8098;0;0;0;0;0;0;1023;183,6;0;0;
8102;0;0;0;0;0;0;1023;183,6;0;0;
8106;0;0;0;0;0;0;1023;183,6;0;0;
8111;0;0;0;0;0;0;1023;183,6;0;0;
8116;0;0;0;0;0;0;1023;183,6;0;0;
8120;0;0;0;0;0;0;1023;183,6;0;0;
8125;0;0;0;0;0;0;1023;183,6;0;0;
8129;0;0;0;0;0;0;1023;183,6;0;0;
8133;0;0;0;0;0;0;1023;183,6;0;0;
8138;0;0;0;0;0;0;1023;183,6;0;0;
8142;0;0;0;0;0;0;1023;183,6;0;0;
8147;0;0;0;0;0;0;1023;183,6;0;0;
8151;0;0;0;0;0;0;1023;183,6;0;0;
8156;0;0;0;0;0;0;1023;183,6;0;0;
8168;0;0;0;0;0;0;1023;183,6;0;0;
8173;0;0;0;0;0;0;1023;183,6;0;0;
8177;0;0;0;0;0;0;1023;183,6;0;0;
8182;0;0;0;0;0;0;1023;183,6;0;0;
8187;0;0;0;0;0;0;1023;183,6;0;0;
8191;0;0;0;0;0;0;1023;183,6;0;0;
8196;0;0;0;0;0;0;1023;183,6;0;0;
8200;0;0;0;0;0;0;1023;183,6;0;0;
8205;0;0;0;0;0;0;1023;183,6;0;0;
8209;0;0;0;0;0;0;1023;183,6;0;0;
8213;0;0;0;0;0;0;1023;183,6;0;0;
8218;0;0;0;0;0;0;1023;183,6;0;0;
8222;0;0;0;0;0;0;1023;183,6;0;0;
8227;0;0;0;0;0;0;1023;183,6;0;0;
8231;0;0;0;0;0;0;1023;183,6;0;0;
8236;0;0;0;0;0;0;1023;183,6;0;0;
8240;0;0;0;0;0;0;1023;183,6;0;0;
8245;0;0;0;0;0;0;1023;183,6;0;0;
8249;0;0;0;0;0;0;1023;183,6;0;0;
8253;0;0;0;0;0;0;1023;183,6;0;0;
8258;0;0;0;0;0;0;1023;183,6;0;0;
8263;0;0;0;0;0;0;1023;183,6;0;0;
8267;0;0;0;0;0;0;1023;183,6;0;0;
8271;0;0;0;0;0;0;1023;183,6;0;0;
8276;0;0;0;0;0;0;1023;183,6;0;0;
8280;0;0;0;0;0;0;1023;183,6;0;0;
8285;0;0;0;0;0;0;1023;183,6;0;0;
8289;0;0;0;0;0;0;1023;183,6;0;0;
8293;0;0;0;0;0;0;1023;183,6;0;0;
8298;0;0;0;0;0;0;1023;183,6;0;0;
8302;0;0;0;0;0;0;1023;183,6;0;0;
8307;0;0;0;0;0;0;1023;183,6;0;0;
8319;0;0;0;0;0;0;1023;183,6;0;0;
8324;0;0;0;0;0;0;1023;183,6;0;0;
8329;0;0;0;0;0;0;1023;183,6;0;0;
8333;0;0;0;0;0;0;1023;183,6;0;0;
8337;0;0;0;0;0;0;1023;183,6;0;0;
8342;0;0;0;0;0;0;1023;183,6;0;0;
8347;0;0;0;0;0;0;1023;183,6;0;0;
8351;0;0;0;0;0;0;1023;183,6;0;0;
8355;0;0;0;0;0;0;1023;183,6;0;0;
8360;0;0;0;0;0;0;1023;183,6;0;0;
8365;0;0;0;0;0;0;1023;183,6;0;0;
8369;0;0;0;0;0;0;1023;183,6;0;0;
8373;0;0;0;0;0;0;1023;183,6;0;0;
8377;0;0;0;0;0;0;1023;183,6;0;0;
8382;0;0;0;0;0;0;1023;183,6;0;0;
8386;0;0;0;0;0;0;1023;183,6;0;0;
8391;0;0;0;0;0;0;1023;183,6;0;0;
8395;0;0;0;0;0;0;1023;183,6;0;0;
8400;0;0;0;0;0;0;1023;183,6;0;0;
8404;0;0;0;0;0;0;1023;183,6;0;0;
8409;0;0;0;0;0;0;1023;183,6;0;0;
8413;0;0;0;0;0;0;1023;183,6;0;0;
8417;0;0;0;0;0;0;1023;183,6;0;0;
8422;0;0;0;0;0;0;1023;183,6;0;0;
8426;0;0;0;0;0;0;1023;183,6;0;0;
8431;0;0;0;0;0;0;1023;183,6;0;0;
8435;0;0;0;0;0;0;1023;183,6;0;0;
8440;0;0;0;0;0;0;1023;183,6;0;0;
8444;0;0;0;0;0;0;1023;183,6;0;0;
8449;0;0;0;0;0;0;1023;183,6;0;0;
8453;0;0;0;0;0;0;1023;183,6;0;0;
8457;0;0;0;0;0;0;1023;183,6;0;0;
8469;0;0;0;0;0;0;1023;183,6;0;0;
8474;0;0;0;0;0;0;1023;183,6;0;0;
8479;0;0;0;0;0;0;1023;183,6;0;0;
8483;0;0;0;0;0;0;1023;183,6;0;0;
8487;0;0;0;0;0;0;1023;183,6;0;0;
8492;0;0;0;0;0;0;1023;183,6;0;0;
8496;0;0;0;0;0;0;1023;183,6;0;0;
8502;0;0;0;0;0;0;1023;183,6;0;0;
8506;0;0;0;0;0;0;1023;183,6;0;0;
8511;0;0;0;0;0;0;1023;183,6;0;0;
8515;0;0;0;0;0;0;1023;183,6;0;0;
8520;0;0;0;0;0;0;1023;183,6;0;0;
8524;0;0;0;0;0;0;1023;183,6;0;0;
8529;0;0;0;0;0;0;1023;183,6;0;0;
8534;0;0;0;0;0;0;1023;183,6;0;0;
8538;0;0;0;0;0;0;1023;183,6;0;0;
8550;0;0;0;0;0;0;1023;183,6;0;0;
